Date,"Adams County, ND","Barnes County, ND","Benson County, ND","Billings County, ND","Bottineau County, ND","Bowman County, ND","Burke County, ND","Burleigh County, ND","Cass County, ND","Cavalier County, ND","Dickey County, ND","Divide County, ND","Dunn County, ND","Eddy County, ND","Emmons County, ND","Foster County, ND","Golden Valley County, ND","Grand Forks County, ND","Grant County, ND","Griggs County, ND","Hettinger County, ND","Kidder County, ND","LaMoure County, ND","Logan County, ND","McHenry County, ND","McIntosh County, ND","McKenzie County, ND","McLean County, ND","Mercer County, ND","Morton County, ND","Mountrail County, ND","Nelson County, ND","Oliver County, ND","Pembina County, ND","Pierce County, ND","Ramsey County, ND","Ransom County, ND","Renville County, ND","Richland County, ND","Rolette County, ND","Sargent County, ND","Sheridan County, ND","Sioux County, ND","Slope County, ND","Stark County, ND","Steele County, ND","Stutsman County, ND","Towner County, ND","Traill County, ND","Walsh County, ND","Ward County, ND","Wells County, ND","Williams County, ND"
1990-01-01,1734,5923,2719,416,3684,1851,1254,32471,59221,2670,3011,1149,2366,1396,2002,1866,898,32838,2110,1490,1527,1549,2354,1156,2803,1770,2838,4510,4678,11998,2984,1742,1159,4450,2071,6232,2590,1365,8528,4861,2010,749,1740,561,11857,1210,11233,1588,3953,6089,25984,2517,9602
1990-02-01,1723,5935,2708,420,3604,1863,1251,32291,58650,2676,2985,1140,2431,1382,2036,1886,887,32771,2106,1480,1524,1553,2362,1159,2816,1763,2852,4482,4646,11917,2990,1704,1163,4439,2078,6181,2606,1367,8462,4838,2010,762,1761,545,11739,1203,11185,1561,3964,6108,26090,2524,9579
1990-03-01,1736,6195,2779,436,3680,1899,1258,32384,58620,2692,3019,1148,2481,1382,2066,1872,906,32643,2160,1504,1537,1606,2410,1197,2774,1796,2887,4502,4640,11935,3005,1735,1183,4472,2088,6143,2623,1349,8440,4861,2043,783,1771,572,11683,1218,11165,1565,3916,6149,26040,2554,9622
1990-04-01,1743,6000,2947,468,3698,1938,1290,32724,59295,2728,3063,1172,2554,1405,2118,1912,937,32662,2213,1547,1595,1640,2465,1234,2775,1771,2905,4662,4727,12010,3036,1731,1149,4447,2140,6254,2705,1376,8365,4833,2078,811,1764,577,11791,1299,11243,1639,3932,6428,26207,2573,9778
1990-05-01,1781,6063,2936,542,3795,1976,1278,33556,60214,2750,3125,1178,2646,1488,2168,1980,974,32986,2276,1589,1638,1650,2486,1292,2751,1793,2930,4849,4780,12178,3038,1749,1189,4590,2138,6318,2718,1391,8505,4795,2124,794,1807,607,11962,1282,11358,1685,3961,6470,26541,2557,9848
1990-06-01,1880,6390,3002,756,4045,2122,1271,34181,60814,2830,3264,1225,2646,1553,2235,2006,965,33392,2364,1606,1668,1722,2493,1337,2872,1843,2972,4914,5038,12557,3247,1835,1288,4775,2292,6489,2831,1447,9009,4883,2260,840,1905,636,12741,1365,11573,1724,4067,6783,27321,2653,10431
1990-07-01,1921,6307,2971,784,3950,2135,1267,33935,60516,2864,3207,1253,2690,1539,2235,2040,993,33798,2330,1738,1672,1698,2520,1310,2841,1882,3072,4734,5072,12386,3162,1791,1308,4996,2268,6556,2928,1454,8914,4921,2222,819,1864,609,12777,1306,11613,1715,4042,6814,27355,2586,10193
1990-08-01,1904,6233,3032,786,3966,2109,1215,34067,60698,2770,3155,1227,2792,1521,2236,2030,976,33136,2267,1598,1577,1617,2459,1292,2811,1857,3019,4843,5088,12433,3186,1771,1268,5127,2270,6397,2855,1423,8797,5407,2196,788,2027,609,12801,1306,11568,1683,3968,6676,26940,2528,10055
1990-09-01,1765,6057,2959,568,3753,1971,1275,33269,59965,2679,3085,1188,2549,1471,2146,1966,938,33053,2212,1580,1578,1628,2441,1253,2716,1766,2974,4760,4896,12134,3057,1735,1219,4847,2179,6095,2792,1373,8653,4751,2066,792,1812,633,12057,1263,11128,1620,4164,6632,25938,2488,9726
1990-10-01,1745,6014,2930,588,3623,1950,1238,32759,60959,2687,3041,1164,2596,1462,2172,1919,911,33740,2153,1554,1538,1551,2443,1224,2718,1776,3042,4470,5098,11866,2969,1687,1266,4897,2085,6034,2662,1377,8606,4783,2023,751,1775,592,12107,1238,10993,1646,4340,6313,26055,2490,9807
1990-11-01,1744,5921,2897,458,3524,1907,1202,32774,60339,2615,2970,1147,2408,1378,2090,1886,878,33184,2049,1532,1463,1545,2368,1178,2733,1708,2910,4323,4865,11968,2950,1680,1183,4464,2058,6024,2560,1363,8438,4751,1952,752,1774,562,12089,1224,10910,1599,4020,6045,26009,2464,9715
1990-12-01,1727,5909,2912,418,3510,1877,1212,32623,59921,2611,2938,1177,2483,1331,2028,1838,854,33097,2029,1517,1457,1537,2377,1169,2709,1694,2868,4288,4759,11959,2956,1676,1118,4445,2022,5950,2580,1348,8363,4674,1917,719,1741,528,11999,1205,10846,1550,3994,5980,25757,2422,9756
1991-01-01,1580,5571,2511,475,3455,1795,1220,33726,59750,2513,2862,1158,1749,1332,1895,1864,1000,33094,1502,1428,1472,1458,2222,1215,2692,1815,2772,4504,4757,12192,2958,1783,1153,4434,2183,6134,2510,1305,8279,4449,2096,734,1165,433,11558,973,11080,1513,3733,6345,25459,2574,9921
1991-02-01,1561,5621,2509,497,3386,1822,1220,33924,59958,2541,2850,1149,1789,1377,1906,1897,997,33611,1486,1427,1489,1460,2210,1210,2751,1811,2777,4517,4752,12314,2992,1768,1148,4447,2205,6158,2547,1320,8255,4526,2117,744,1179,420,11537,976,11090,1495,3801,6392,25799,2611,10028
1991-03-01,1580,5901,2554,498,3444,1863,1236,34089,59648,2541,2913,1164,1831,1357,1945,1886,1012,33550,1534,1460,1511,1509,2258,1252,2727,1846,2833,4574,4769,12387,3025,1784,1177,4596,2231,6148,2564,1316,8330,4514,2160,764,1190,442,11509,996,11143,1502,3768,6446,25755,2613,10108
1991-04-01,1604,5728,2699,548,3461,1916,1292,34243,60526,2603,2962,1189,1912,1413,2002,1934,1060,33488,1599,1507,1581,1561,2334,1311,2746,1831,2874,4707,4872,12279,3050,1780,1140,4519,2280,6211,2668,1335,8242,4488,2236,795,1199,463,11631,1063,11175,1575,3786,6716,25851,2615,10265
1991-05-01,1624,5729,2729,651,3560,1943,1269,34306,60775,2618,3006,1195,1995,1447,2034,1966,1101,33884,1650,1544,1583,1564,2339,1328,2678,1846,2910,4883,4947,12185,3070,1770,1185,4659,2277,6242,2641,1365,8396,4372,2245,779,1245,472,11764,1053,11273,1625,3814,6718,26089,2602,10367
1991-06-01,1692,5980,2744,910,3760,2074,1252,35504,61394,2667,3100,1216,1985,1474,2060,1976,1074,34263,1709,1547,1560,1594,2307,1341,2759,1880,2889,4969,5273,12645,3287,1850,1280,4769,2428,6390,2738,1378,8683,4513,2343,808,1491,504,12458,1109,11470,1642,3899,6978,26900,2691,10912
1991-07-01,1725,5823,2709,934,3690,2068,1226,35411,61178,2668,3008,1246,1999,1466,2032,1997,1075,34097,1680,1661,1557,1546,2308,1295,2772,1886,2989,4730,5255,12675,3134,1798,1293,4954,2400,6487,2804,1392,8643,4505,2279,775,1472,484,12510,1059,11509,1637,3823,6958,26820,2593,10688
1991-08-01,1716,5762,2799,949,3710,2058,1193,35563,60614,2579,2980,1217,2088,1453,2057,1987,1058,33846,1682,1550,1492,1493,2278,1310,2700,1874,2954,4888,5286,12742,3177,1784,1269,4964,2418,6323,2750,1367,8484,4936,2268,756,1565,484,12444,1070,11329,1612,3740,6797,26246,2531,10515
1991-09-01,1593,5636,2745,674,3491,1930,1241,34672,60026,2520,2929,1169,1918,1400,1977,1951,1032,34131,1604,1521,1505,1513,2270,1283,2613,1794,2921,4790,5120,12404,3048,1747,1203,4844,2312,6025,2711,1321,8405,4282,2164,751,1256,477,11785,1021,10985,1546,3877,6827,25428,2502,10168
1991-10-01,1552,5567,2719,694,3368,1891,1199,34207,61345,2500,2852,1146,1925,1390,1977,1894,986,34433,1530,1495,1450,1436,2246,1234,2635,1789,2967,4505,5314,12148,2957,1701,1247,4874,2214,5984,2575,1322,8296,4323,2093,705,1225,442,11783,1001,10802,1548,4080,6445,25409,2487,10310
1991-11-01,1534,5464,2698,521,3300,1846,1151,34299,60680,2417,2760,1114,1768,1311,1883,1867,942,33871,1416,1470,1385,1406,2140,1179,2656,1721,2842,4382,5083,12278,2930,1687,1161,4438,2183,5991,2477,1328,8107,4287,2012,707,1221,416,11826,979,10737,1497,3770,6177,25411,2429,10291
1991-12-01,1520,5450,2671,463,3288,1816,1160,34082,60236,2442,2739,1152,1792,1276,1855,1815,925,33839,1406,1453,1376,1391,2138,1170,2651,1716,2815,4329,4918,12291,2960,1690,1095,4467,2150,5967,2510,1311,7952,4223,2325,679,1228,398,11703,971,10647,1444,3716,6137,25170,2405,10297
1992-01-01,1495,5295,2508,406,3292,1731,1072,34350,60516,2486,2703,1095,1676,1235,1920,1845,835,33379,1400,1348,1340,1419,2180,1110,2726,1678,2740,4392,4671,12348,2889,1674,1038,4519,2156,6106,2429,1298,8044,4498,1948,687,1267,369,11652,984,10835,1457,3645,6060,25756,2393,9998
1992-02-01,1516,5374,2573,425,3313,1740,1070,34535,60874,2441,2678,1104,1740,1271,1921,1851,860,33773,1426,1364,1353,1455,2219,1121,2719,1715,2806,4460,4619,12400,2899,1694,1052,4569,2196,6144,2494,1297,8121,4559,1975,704,1284,432,11598,980,10820,1485,3652,6109,25910,2412,9974
1992-03-01,1526,5609,2548,433,3331,1825,1092,34708,60702,2466,2738,1133,1784,1289,1983,1850,861,33785,1474,1385,1364,1465,2251,1150,2730,1749,2879,4417,4619,12436,2923,1677,1061,4645,2209,6172,2550,1310,8221,4544,2032,719,1313,423,11719,987,10880,1480,3673,6238,26246,2493,9992
1992-04-01,1537,5385,2546,443,3384,1781,1112,35172,61157,2486,2734,1164,1784,1258,2005,1875,850,34219,1488,1431,1362,1449,2265,1174,2704,1709,2905,4527,4795,12383,3001,1700,1040,4733,2266,6319,2596,1346,8303,4608,2047,724,1298,459,11759,1000,10900,1516,3700,6270,26501,2453,10062
1992-05-01,1566,5433,2596,567,3490,1841,1155,35495,61785,2574,2830,1169,1852,1258,2125,1926,902,33563,1557,1474,1394,1492,2353,1201,2660,1736,2910,4688,5030,12496,2965,1721,1109,4797,2302,6375,2606,1340,8425,4693,2130,752,1321,468,11803,1079,11048,1564,3728,6467,26659,2517,10183
1992-06-01,1586,5658,2795,818,3578,1906,1107,36847,62679,2649,2825,1177,1958,1323,2130,1931,892,34857,1579,1476,1365,1405,2249,1212,2731,1732,2907,4779,5179,13037,3144,1766,1197,4894,2366,6675,2655,1377,8683,5104,2200,720,1563,437,12497,1119,11166,1550,3790,6674,27509,2594,10424
1992-07-01,1610,5590,2850,893,3420,1890,1098,36564,62397,2709,2803,1185,1934,1231,2197,1957,936,34660,1617,1522,1425,1469,2296,1226,2768,1795,2962,4682,5212,12871,3060,1700,1224,5112,2351,6538,2754,1376,8677,4967,2229,726,1468,454,12391,1083,11232,1568,3762,6761,27572,2470,10492
1992-08-01,1579,5566,2784,866,3375,1891,1075,36595,62430,2633,2824,1188,1993,1213,2197,1990,935,34319,1575,1480,1430,1459,2373,1242,2733,1765,3038,4663,5141,12919,3066,1681,1230,4820,2297,6486,2716,1377,8519,5213,2232,720,1514,431,12572,1071,11090,1573,3726,6684,27343,2517,10287
1992-09-01,1502,5385,2918,667,3330,1793,1127,35353,61537,2491,2745,1120,1873,1241,2137,1952,917,33822,1582,1432,1456,1469,2388,1214,2617,1705,2961,4559,4853,12443,2956,1676,1175,4923,2165,6270,2653,1309,8465,4698,2166,685,1388,441,11779,1052,10782,1612,3967,6642,26068,2487,10024
1992-10-01,1508,5423,3013,464,3307,1837,1104,35143,61697,2480,2847,1121,1895,1199,2166,1943,903,34695,1557,1464,1413,1491,2328,1216,2657,1714,2938,4474,4913,12335,3036,1646,1218,5078,2215,6202,2593,1323,8439,4631,2193,703,1401,431,11455,1003,10805,1609,4036,6511,26248,2453,9909
1992-11-01,1474,5308,2952,443,3267,1784,1088,34900,61176,2412,2773,1116,1863,1193,2096,1897,870,34596,1474,1453,1364,1450,2296,1178,2670,1680,2830,4422,4735,12347,3000,1686,1074,4719,2201,6204,2515,1303,8299,4691,2088,678,1394,411,11454,970,10792,1521,3792,6197,26034,2454,9805
1992-12-01,1455,5303,2947,416,3268,1744,1064,35161,61884,2438,2701,1086,1818,1179,2043,1860,839,34671,1422,1440,1324,1422,2229,1126,2705,1640,2720,4369,4681,12428,2945,1651,1015,4665,2193,6207,2499,1291,8211,4633,2051,663,1361,367,11397,963,10794,1506,3699,6153,25997,2421,9719
1993-01-01,1424,5311,2594,374,3245,1728,1084,35127,61361,2464,2708,1115,1720,1227,2020,1849,870,34469,1423,1457,1319,1435,2232,1124,2718,1651,2613,4382,4711,12603,2914,1656,1045,4558,2138,6282,2500,1286,7869,4789,2031,668,1314,359,11564,926,10790,1563,3619,6161,25932,2480,9847
1993-02-01,1463,5446,2628,386,3266,1750,1112,35162,61614,2536,2674,1160,1786,1243,2075,1876,873,34519,1502,1487,1341,1469,2287,1173,2735,1689,2692,4478,4741,12532,2933,1674,1061,4572,2138,6238,2600,1297,8057,4805,2098,689,1359,375,11633,968,10887,1595,3720,6256,26111,2521,9822
1993-03-01,1507,5673,2589,388,3238,1788,1095,35404,61684,2563,2775,1142,1805,1313,2121,1872,887,34661,1510,1494,1355,1467,2293,1188,2768,1714,2712,4471,4720,12573,3023,1681,1242,4624,2159,6299,2557,1306,8149,4947,2100,697,1385,387,11771,969,10949,1593,3754,6334,26291,2538,9874
1993-04-01,1524,5510,2646,439,3315,1822,1112,35729,62127,2603,2764,1164,1883,1287,2125,1928,929,34909,1556,1536,1396,1472,2411,1235,2734,1701,2788,4513,4898,12648,3104,1734,1164,4674,2215,6447,2628,1338,8289,4912,2121,731,1407,417,11829,1034,10933,1686,3783,6411,26717,2588,10026
1993-05-01,1548,5644,2687,574,3459,1879,1145,36114,62824,2688,2890,1197,1936,1307,2154,2035,961,35330,1624,1592,1444,1527,2457,1271,2696,1743,2892,4658,5029,12669,3153,1754,1225,4822,2274,6537,2644,1355,8386,5035,2201,750,1443,431,11890,1077,11132,1734,3792,6636,27119,2608,10120
1993-06-01,1566,5879,2641,782,3481,1947,1145,37360,64030,2779,2951,1216,2021,1325,2211,2080,948,35974,1653,1629,1408,1478,2423,1277,2816,1747,2874,4709,5077,13177,3418,1791,1254,4927,2378,6772,2742,1421,8638,5485,2307,735,1569,440,12526,1154,11401,1728,3841,6846,28384,2672,10375
1993-07-01,1561,5732,2590,835,3343,1957,1068,37775,64547,2769,2885,1230,1987,1231,2136,2006,988,36323,1577,1588,1401,1447,2340,1255,2867,1789,2987,4673,5086,13353,3526,1712,1210,5022,2392,6724,2726,1448,8649,5227,2249,719,1325,417,12581,1066,11511,1704,3871,6688,28679,2571,10581
1993-08-01,1561,5722,2698,817,3384,1904,1057,37820,64723,2699,2939,1237,1983,1224,2105,2041,965,36048,1509,1595,1358,1434,2397,1236,2825,1775,2955,4607,5096,13399,3615,1720,1192,4978,2382,6652,2707,1408,8677,5437,2238,711,1363,405,12566,1044,11577,1685,3847,6653,28262,2557,10499
1993-09-01,1465,5481,2687,692,3346,1798,1101,37086,64310,2598,2807,1162,1912,1237,2075,1982,917,36171,1434,1537,1357,1428,2296,1187,2708,1684,2812,4509,4877,12988,3470,1712,1099,4852,2301,6514,2667,1355,8408,5156,2149,694,1427,392,11937,1017,11191,1660,3982,6588,27117,2496,10306
1993-10-01,1462,5493,2590,542,3337,1783,1108,37149,65122,2514,2777,1144,1911,1207,2053,1974,922,36517,1455,1519,1355,1400,2248,1195,2721,1717,2781,4519,5021,13038,3443,1727,1070,5152,2296,6416,2654,1360,8597,5237,2124,700,1391,385,11996,1026,11086,1649,4099,6496,27304,2432,10338
1993-11-01,1452,5493,2605,396,3336,1779,1079,36961,64695,2499,2764,1118,1875,1220,2049,1902,915,36725,1451,1501,1341,1403,2278,1177,2733,1687,2788,4479,4814,13098,3458,1733,1015,4766,2289,6408,2593,1349,8488,5294,2084,669,1385,385,11949,1006,11043,1576,3802,6268,27181,2451,10234
1993-12-01,1451,5487,2573,353,3344,1764,1088,37423,64729,2516,2774,1152,1872,1205,2051,1877,890,36788,1429,1502,1316,1385,2251,1155,2815,1663,2770,4475,4799,13247,3407,1746,1003,4696,2311,6470,2640,1348,8472,5244,2040,668,1321,361,11995,974,11087,1582,3767,6255,27333,2430,10344
1994-01-01,1646,5796,2784,312,3525,1766,1091,35829,63238,2652,2896,1195,2593,1305,2202,1940,803,34868,2070,1677,1396,1559,2440,1135,2825,1614,3190,4503,4600,12749,3084,1718,1063,4643,2151,6463,2682,1334,9117,5487,2032,764,2095,482,12394,1245,11203,1703,3918,6058,27499,2472,9898
1994-02-01,1617,5927,2823,336,3572,1780,1121,35916,63622,2685,2974,1194,2607,1325,2287,1979,823,35253,2157,1752,1444,1603,2504,1174,2838,1682,3298,4556,4654,12741,3106,1749,1092,4734,2203,6458,2775,1351,9188,5514,2097,770,2138,514,12518,1276,11288,1752,3968,6092,27795,2511,9882
1994-03-01,1645,6171,2909,333,3624,1816,1132,36272,63632,2744,2951,1175,2563,1398,2325,1982,831,35406,2187,1775,1471,1611,2517,1181,2880,1678,3311,4568,4726,12746,3141,1772,1084,4825,2193,6542,2802,1363,9281,5550,2094,801,2126,522,12474,1267,11321,1768,3997,6184,27936,2566,9851
1994-04-01,1663,6036,2899,369,3696,1833,1131,36465,64722,2757,3013,1197,2651,1402,2309,2008,840,35567,2241,1812,1551,1586,2561,1211,2881,1732,3399,4568,5010,12777,3144,1777,1129,4854,2218,6562,2833,1416,9210,5647,2104,805,2127,550,12658,1330,11266,1833,3985,6206,28407,2536,9849
1994-05-01,1699,6149,3015,489,3693,1909,1177,36652,65609,2876,3048,1212,2698,1366,2340,2100,865,35983,2274,1872,1613,1633,2681,1245,2865,1757,3429,4673,5169,12852,3174,1789,1210,4948,2226,6608,2879,1422,9245,5720,2157,835,2076,531,12800,1397,11456,1861,4049,6445,28806,2608,9936
1994-06-01,1712,6431,3016,646,3662,1933,1179,37870,66446,2911,3144,1202,2793,1443,2465,2175,856,36523,2426,1936,1618,1570,2546,1272,3007,1782,3464,4837,5335,13294,3341,1735,1309,5211,2303,6808,2932,1489,9766,6045,2280,797,2040,567,13387,1446,11691,1807,4068,6718,30024,2614,10212
1994-07-01,1720,6300,3029,681,3513,1969,1108,37996,67003,2927,3074,1218,2765,1335,2397,2126,878,36812,2323,1879,1622,1534,2458,1252,3027,1809,3608,4748,5218,13353,3706,1660,1266,5298,2314,6720,2962,1516,9530,6072,2237,790,1866,534,13346,1318,11740,1776,4101,6478,30303,2568,10279
1994-08-01,1718,6270,3225,672,3565,1921,1110,37898,66871,2839,3148,1234,2823,1331,2383,2135,870,36526,2229,1908,1591,1533,2522,1241,2969,1800,3600,4736,5188,13332,3549,1659,1250,5225,2306,6633,2958,1477,9482,6325,2235,802,1994,547,13341,1294,11730,1779,4096,6343,29613,2568,10157
1994-09-01,1611,6021,3257,589,3506,1814,1169,36725,66043,2715,3002,1162,2725,1351,2354,2078,835,36455,2165,1827,1609,1524,2429,1196,2832,1725,3403,4602,4989,12874,3434,1634,1164,5151,2216,6441,2858,1408,9305,5795,2130,764,2064,549,12637,1273,11371,1738,4263,6309,28533,2460,9927
1994-10-01,1601,5994,3178,464,3498,1801,1168,36562,66077,2631,2980,1146,2723,1323,2312,2054,840,36774,2282,1810,1613,1514,2394,1198,2851,1762,3390,4598,5127,12803,3375,1651,1129,5421,2222,6312,2843,1405,9511,5816,2119,788,2016,551,12640,1282,11193,1722,4373,6194,28409,2385,9901
1994-11-01,1578,5949,3194,361,3479,1772,1127,36141,65251,2595,2943,1123,2670,1302,2323,1987,831,36550,2258,1782,1593,1516,2389,1177,2810,1728,3405,4528,4757,12702,3402,1637,1076,4949,2198,6272,2766,1389,9278,5806,2060,750,2025,559,12559,1253,11049,1644,4027,5941,28046,2354,9744
1994-12-01,1577,5902,3135,334,3490,1757,1119,36143,64928,2618,2932,1146,2681,1281,2334,1944,819,36346,2256,1780,1543,1514,2354,1157,2856,1704,3378,4538,4785,12803,3327,1637,1047,4875,2213,6255,2798,1375,9270,5733,2023,742,1983,532,12544,1215,11002,1651,3968,5971,28007,2364,9778
1995-01-01,1408,5589,2804,366,3274,1783,1038,37391,65487,2472,2776,1191,1894,1231,2080,2077,923,36486,1579,1797,1449,1505,2250,1212,2844,1739,3145,4450,4887,13266,3151,1724,1074,4943,2366,6357,2631,1341,8944,5456,2247,704,1648,379,11913,1063,11017,1502,3813,6179,28165,2470,9995
1995-02-01,1436,5708,2791,379,3309,1795,1070,37417,65843,2512,2746,1197,1948,1261,2067,2107,930,36774,1575,1833,1493,1542,2309,1233,2814,1784,3156,4544,4851,13232,3172,1731,1085,4968,2373,6387,2661,1325,9030,5513,2300,709,1658,402,11932,1070,11161,1520,3841,6226,28108,2458,9933
1995-03-01,1453,5863,2848,379,3303,1826,1056,37549,66116,2531,2777,1211,1988,1279,2090,2116,919,36872,1615,1840,1427,1542,2326,1223,2807,1784,3157,4419,5124,13197,3129,1717,1148,5003,2382,6447,2696,1336,9033,5522,2334,715,1653,409,11902,1072,11166,1512,3851,6228,28233,2594,9915
1995-04-01,1472,5774,2793,422,3317,1823,1094,37983,66369,2563,2868,1228,2017,1289,2124,2113,932,37292,1649,1798,1435,1529,2343,1239,2802,1799,3202,4584,5360,13324,3189,1775,1240,5073,2372,6536,2772,1354,9001,5769,2386,723,1604,440,12068,1099,11216,1548,3920,6364,28377,2535,10018
1995-05-01,1495,5910,2780,596,3418,1845,1109,38797,66806,2647,2905,1232,2041,1289,2208,2171,947,37375,1664,1891,1464,1565,2427,1248,2808,1817,3230,4726,5399,13466,3229,1804,1313,5149,2394,6670,2829,1395,9051,5766,2454,773,1634,430,12189,1182,11316,1611,3948,6474,28880,2554,10284
1995-06-01,1554,6217,2882,824,3518,1950,1193,39402,67577,2739,3073,1228,2179,1363,2291,2256,995,37402,1819,1944,1506,1591,2416,1339,2941,1865,3283,4903,5502,13842,3344,1763,1365,5428,2510,6924,3024,1459,9473,6188,2626,812,1719,473,12776,1204,11587,1578,4103,6986,30212,2616,10471
1995-07-01,1550,6187,2783,846,3397,1924,1080,39717,67920,2673,2995,1240,2129,1305,2219,2297,986,38168,1742,1851,1475,1508,2369,1243,2988,1854,3397,4743,5508,13904,3208,1825,1232,5247,2472,6825,2975,1480,9311,6310,2607,835,1599,463,13018,1212,11706,1533,4003,6752,30673,2605,10651
1995-08-01,1576,6164,2975,875,3537,1927,1050,39025,67713,2670,3029,1267,2175,1295,2218,2285,991,37927,1756,1827,1472,1527,2430,1256,2964,1899,3415,4791,5497,13664,3209,1809,1222,5258,2492,6833,2949,1461,9346,6285,2639,833,1623,464,13014,1216,11766,1545,4063,6831,30313,2579,10610
1995-09-01,1515,5928,2801,769,3440,1822,1097,38488,67296,2574,2965,1222,2036,1315,2201,2195,991,37672,1633,1873,1433,1516,2391,1256,2801,1811,3358,4663,5149,13479,3098,1765,1149,5402,2362,6599,2849,1385,9285,6037,2453,778,1651,438,12417,1126,11515,1562,4179,6754,28870,2535,10295
1995-10-01,1510,5907,2795,681,3431,1801,1088,38284,68325,2522,3015,1217,2040,1292,2214,2159,938,38460,1675,1879,1448,1564,2384,1273,2800,1799,3371,4609,5184,13334,3213,1749,1150,5443,2416,6575,2852,1380,9341,5533,2372,748,1666,428,12533,1118,11338,1604,4367,6746,28623,2558,10310
1995-11-01,1465,5868,2760,467,3413,1761,1052,38128,68189,2479,2939,1190,1921,1246,2106,2119,917,38361,1617,1792,1410,1510,2363,1256,2856,1770,3247,4542,5111,13317,3093,1694,1102,5190,2384,6533,2759,1390,9207,5655,2277,703,1639,403,12345,1097,11214,1552,4258,6442,28660,2534,10284
1995-12-01,1471,5891,2647,452,3501,1778,1056,38073,67909,2510,2925,1226,1967,1270,2050,2118,922,37968,1614,1793,1399,1523,2344,1267,2868,1759,3241,4647,5071,13389,3036,1722,1081,4996,2407,6543,2760,1372,9179,5616,2253,678,1658,400,12499,1082,11260,1578,3990,6369,28611,2492,10342
1996-01-01,1457,5891,2694,463,3459,1749,1055,38326,67802,2468,2806,1218,1953,1235,2037,2072,900,37549,1550,1640,1376,1496,2364,1207,2875,1788,3224,4539,5184,13350,3053,1696,1098,4951,2407,6533,2784,1345,9312,5358,2261,718,1672,386,12422,1065,11496,1543,3905,6243,28815,2506,10342
1996-02-01,1468,5936,2698,385,3479,1729,1046,38634,68673,2507,2806,1220,1945,1250,2037,2101,905,37953,1561,1640,1391,1498,2353,1227,2908,1770,3195,4524,5215,13475,3050,1701,1080,4927,2422,6527,2799,1368,9463,5478,2266,687,1675,382,12469,1086,11525,1545,3897,6251,29148,2497,10339
1996-03-01,1481,6087,2743,379,3476,1760,1062,38577,68529,2556,2782,1194,1983,1289,2055,2110,888,38025,1568,1656,1394,1514,2366,1205,2896,1770,3241,4556,5293,13404,3077,1716,1098,5031,2468,6613,2813,1375,9488,5612,2264,692,1689,385,12477,1076,11544,1595,3940,6262,29264,2505,10386
1996-04-01,1511,5945,2816,420,3454,1776,1059,38853,69159,2583,2846,1211,2027,1324,2116,2137,910,38228,1587,1663,1405,1496,2366,1224,2868,1829,3233,4570,5688,13422,3110,1729,1121,5187,2476,6609,2903,1384,9502,5587,2311,701,1638,404,12686,1094,11508,1588,3925,6497,29294,2564,10426
1996-05-01,1522,6103,2866,598,3559,1863,1113,39347,69538,2671,2924,1240,2021,1351,2190,2220,908,38073,1653,1707,1436,1527,2462,1238,2853,1853,3252,4777,5707,13457,3049,1862,1158,5161,2489,6756,2948,1408,9548,5602,2431,764,1595,430,12797,1132,11633,1676,4016,6669,29671,2597,10577
1996-06-01,1580,6340,2900,824,3565,1927,1074,40595,70722,2807,2988,1220,2108,1418,2188,2223,925,38576,1759,1739,1395,1535,2391,1290,2934,1828,3407,4896,5772,13994,3233,1959,1214,5148,2567,7167,3017,1444,10117,5914,2568,746,1668,430,13275,1228,12197,1653,3978,6973,30691,2617,10818
1996-07-01,1609,6199,2778,863,3415,1886,1085,40493,70580,2752,2967,1251,2036,1362,2170,2260,929,38928,1720,1730,1438,1466,2359,1252,2983,1852,3446,4802,6092,13916,3163,1829,1225,5350,2517,7041,3052,1458,10191,6167,2572,760,1603,453,13180,1168,12071,1634,4083,6898,30966,2594,10878
1996-08-01,1614,6183,3025,858,3380,1907,1104,40156,70430,2746,2930,1249,2019,1390,2154,2284,937,38529,1707,1683,1423,1485,2437,1256,2974,1841,3396,4960,6013,13840,3212,1790,1202,5278,2598,6912,3053,1452,10017,6084,2579,749,1650,457,13056,1181,12024,1581,4090,6981,30795,2601,10723
1996-09-01,1548,6053,2908,726,3354,1887,1115,39109,70662,2613,2876,1182,1985,1341,2157,2243,918,38083,1669,1652,1444,1523,2413,1240,2826,1765,3325,4810,5735,13452,3133,1786,1146,5296,2528,6710,2902,1382,9788,5637,2442,761,1643,461,12557,1115,11714,1594,4113,6846,29457,2522,10305
1996-10-01,1507,5914,2963,632,3453,1843,1093,39014,70881,2606,2904,1209,2023,1317,2209,2186,921,38522,1674,1681,1463,1582,2417,1268,2828,1820,3303,4719,5596,13384,3120,1750,1155,5510,2432,6740,2905,1379,9782,5476,2415,739,1690,455,12755,1097,11734,1639,4326,6825,29464,2524,10392
1996-11-01,1508,5844,2958,419,3477,1806,1100,39241,71061,2523,2807,1192,1958,1321,2108,2164,888,38005,1594,1654,1399,1452,2320,1206,2852,1794,3279,4561,5241,13516,3051,1689,1128,5002,2481,6717,2837,1375,9627,5494,2312,693,1674,427,12725,1100,11819,1557,4031,6469,29444,2460,10324
1996-12-01,1426,5841,2954,397,3496,1817,1089,39489,70952,2502,2760,1183,1932,1246,2107,2107,873,38019,1554,1618,1338,1425,2299,1184,2897,1728,3215,4573,4991,13653,3019,1636,1081,4976,2469,6690,2847,1381,9821,5554,2271,645,1667,374,12667,1064,11819,1540,4073,6327,29660,2486,10433
1997-01-01,1410,5846,2852,350,3488,1796,1038,39977,71465,2467,2694,1156,1909,1242,2059,2111,857,37327,1489,1593,1331,1404,2330,1160,2974,1704,3101,4537,5005,13795,2941,1653,1057,4833,2414,6634,2805,1390,9758,5639,2271,632,1607,366,12766,1052,11635,1500,3963,6211,29632,2498,10317
1997-02-01,1400,5918,2822,341,3491,1785,1045,40196,72147,2475,2660,1142,1821,1250,2009,2129,845,37921,1440,1598,1300,1370,2309,1132,2988,1693,3171,4526,4963,13885,2958,1628,1044,4835,2381,6604,2810,1398,9751,5660,2290,640,1606,359,12808,1033,11801,1486,3942,6161,29750,2469,10349
1997-03-01,1395,5938,2820,330,3492,1811,1039,40328,72748,2480,2636,1117,1824,1271,2002,2131,851,38048,1425,1584,1274,1377,2281,1114,2989,1680,3194,4512,4984,13933,2955,1641,1068,4854,2388,6637,2802,1409,9781,5725,2304,617,1610,344,12917,1010,11878,1513,3952,6193,29954,2471,10317
1997-04-01,1437,6184,2840,383,3496,1847,1085,40265,73133,2560,2778,1182,1931,1313,2097,2158,881,37741,1502,1652,1401,1420,2381,1176,2944,1738,3285,4689,5266,13838,3029,1710,1086,4924,2463,6804,2867,1403,9801,5654,2348,662,1620,386,13021,1109,11866,1528,3962,6378,29886,2534,10374
1997-05-01,1491,6235,2831,562,3658,1929,1129,40874,72846,2708,2913,1220,2043,1330,2233,2261,903,37407,1587,1747,1451,1482,2503,1267,2940,1808,3296,4818,5504,13907,3044,1802,1134,5065,2518,6957,2943,1429,9846,5731,2435,754,1614,428,13179,1164,12075,1665,4121,6618,30323,2655,10540
1997-06-01,1568,6424,2802,812,3624,1972,1093,42121,73737,2756,2977,1180,2063,1412,2254,2236,907,38197,1626,1741,1404,1427,2385,1244,3028,1797,3321,4819,5395,14375,3280,1829,1213,5173,2622,7209,2989,1473,10133,5949,2542,767,1664,423,13612,1241,12579,1601,4083,6693,31080,2625,10541
1997-07-01,1543,6252,2585,769,3585,2009,1108,41484,73886,2712,2965,1259,2185,1297,2190,2292,928,37922,1681,1718,1463,1479,2408,1227,3017,1818,3348,4843,5276,14172,3182,1756,1253,5365,2569,6968,3027,1470,10046,5890,2566,744,1609,447,13739,1252,12641,1545,4097,6687,31012,2634,10593
1997-08-01,1490,6074,2647,846,3562,1940,1065,41631,74335,2695,2843,1252,2072,1293,2131,2283,851,37845,1611,1721,1405,1452,2359,1195,2965,1766,3372,4844,5141,14267,3097,1753,1232,5229,2530,6863,2936,1453,9900,5737,2478,715,1614,421,13603,1231,12614,1512,3940,6665,30568,2587,10523
1997-09-01,1439,6034,2651,619,3473,1895,1086,40349,72782,2581,2836,1230,2034,1283,2110,2219,882,37847,1570,1711,1473,1531,2372,1206,2876,1736,3263,4601,4950,13774,2991,1715,1227,5304,2486,6736,2861,1414,9693,5482,2411,728,1613,421,12996,1167,12034,1561,4042,6597,29771,2522,10442
1997-10-01,1432,5931,2757,590,3456,1855,1082,39999,73818,2534,2879,1192,2002,1235,2104,2247,883,37903,1491,1666,1424,1556,2330,1170,2874,1699,3339,4594,4942,13591,3007,1688,1400,5540,2454,6585,2809,1417,9930,5514,2413,734,1674,408,12846,1111,11794,1566,4199,6503,29809,2532,10249
1997-11-01,1408,5870,2750,363,3424,1780,1049,40025,73604,2480,2771,1164,1929,1235,1999,2242,845,37773,1427,1627,1352,1426,2254,1122,2914,1673,3232,4530,4835,13660,2936,1641,1213,5113,2417,6568,2757,1412,9664,5451,2320,717,1642,373,12782,1096,11804,1460,3999,6077,29790,2508,10316
1997-12-01,1394,5871,2762,345,3399,1795,1076,40011,73652,2492,2755,1144,1948,1251,2024,2215,856,37557,1435,1607,1338,1420,2276,1119,2941,1695,3245,4512,4754,13745,2924,1606,1093,5067,2435,6546,2744,1412,9618,5492,2353,673,1669,377,12765,1067,11841,1455,3880,6137,29744,2496,10274
1998-01-01,1403,5832,2681,337,3367,1778,990,40012,73569,2390,2805,1129,1945,1275,1978,2182,848,37167,1373,1613,1332,1392,2251,1059,2954,1704,3212,4567,4785,13771,2873,1611,1042,4998,2400,6324,2756,1397,9754,5487,2333,631,1669,359,12815,1049,11761,1432,3793,6013,29762,2452,10125
1998-02-01,1379,5859,2680,325,3393,1795,1028,40221,74304,2444,2810,1126,1887,1274,1962,2187,849,37463,1371,1626,1306,1387,2238,1053,2955,1697,3176,4522,4724,13863,2903,1676,1025,4979,2407,6297,2719,1402,9792,5509,2358,647,1661,356,12776,1033,11878,1448,3825,6012,29774,2450,10082
1998-03-01,1387,6013,2707,350,3453,1795,1018,40433,74489,2409,2806,1110,1920,1288,1987,2191,871,37603,1388,1631,1305,1401,2266,1056,2966,1697,3196,4521,4822,13887,2940,1672,1065,4945,2450,6335,2717,1409,9807,5509,2377,654,1694,356,12832,1046,11991,1469,3734,6109,29830,2495,10166
1998-04-01,1459,5833,2891,417,3462,1852,1060,40167,74273,2505,2895,1173,2033,1341,2069,2203,906,37324,1506,1681,1373,1469,2373,1125,2899,1752,3243,4546,5032,13731,3019,1706,1166,4980,2362,6611,2751,1410,9594,5495,2474,693,1684,398,12988,1101,11852,1513,3887,6330,29506,2590,9971
1998-05-01,1462,5900,2899,560,3534,1863,1086,40709,73963,2567,2964,1201,2064,1366,2088,2278,930,37305,1535,1715,1381,1489,2432,1148,2907,1781,3242,4770,5103,13889,3044,1773,1267,5120,2535,6704,2804,1429,9585,5476,2545,700,1678,421,13045,1169,12009,1553,3875,6487,29989,2617,10135
1998-06-01,1514,6068,3065,750,3492,1938,1096,42107,75496,2685,3067,1197,2151,1443,2112,2275,928,37622,1601,1755,1339,1445,2365,1163,2968,1823,3305,4764,5034,14378,3148,1766,1245,5147,2585,6958,2874,1456,9796,5853,2683,727,1794,428,13421,1184,12288,1537,3864,6603,30714,2596,10045
1998-07-01,1553,5938,2894,788,3490,1920,1033,41739,75444,2718,2959,1243,2165,1526,2103,2322,953,37450,1575,1725,1387,1479,2363,1167,2954,1903,3308,4717,5146,14248,3086,1766,1108,5409,2578,6715,2886,1443,9714,5922,2632,720,1649,449,13701,1193,12490,1486,3865,6690,30492,2637,10107
1998-08-01,1519,5809,3037,780,3488,1900,1045,41355,75407,2689,2931,1220,2145,1532,2108,2282,943,37025,1614,1712,1354,1505,2326,1189,2899,1844,3279,4727,4978,14150,3100,1755,1092,5217,2530,6657,2889,1430,9640,5944,2568,745,1653,456,13661,1194,12519,1464,3784,6603,30085,2578,10166
1998-09-01,1430,5794,3012,637,3463,1841,1032,40541,73939,2514,2831,1156,1975,1503,2012,2231,938,37255,1488,1655,1274,1476,2254,1165,2819,1770,3045,4466,4642,13815,3033,1720,989,5089,2441,6620,2732,1387,9476,5418,2512,717,1632,418,13079,1108,12014,1421,3871,6378,29269,2460,10131
1998-10-01,1413,5718,2907,571,3364,1837,1024,40463,73911,2529,2897,1162,1926,1425,2051,2220,918,36940,1455,1580,1347,1512,2335,1146,2807,1726,3118,4421,4897,13891,3084,1663,1089,5549,2450,6506,2689,1383,9722,5817,2406,699,1726,390,12908,1100,11901,1425,3864,6504,29302,2518,9890
1998-11-01,1405,5661,2886,372,3277,1812,1032,39986,73427,2456,2853,1121,1928,1401,1998,2216,894,36431,1457,1567,1339,1410,2307,1128,2781,1720,3085,4349,4806,13777,3037,1617,1049,5065,2460,6432,2678,1352,9442,5777,2367,693,1748,395,12754,1094,11726,1384,3815,6192,28814,2525,9814
1998-12-01,1408,5636,2786,370,3290,1814,1052,39999,73175,2430,2796,1147,1921,1356,1977,2200,883,36181,1440,1559,1338,1396,2274,1102,2831,1667,3060,4438,4598,13773,3015,1635,1002,4941,2435,6378,2656,1350,9338,5762,2349,663,1725,381,12693,1055,11617,1341,3706,6119,28697,2460,9838
1999-01-01,1408,5702,2728,360,3285,1785,1006,40004,72438,2432,2820,1114,1911,1302,2013,2177,916,35510,1493,1565,1332,1446,2286,1102,2841,1714,3106,4500,4649,13780,3040,1618,1015,4887,2487,6389,2675,1331,9309,5575,2361,676,1664,398,12627,1013,11649,1321,3769,6199,28392,2489,9736
1999-02-01,1377,5728,2745,358,3240,1774,999,40016,72986,2463,2824,1126,1908,1313,2005,2172,922,35961,1489,1574,1302,1419,2272,1089,2843,1715,3110,4538,4542,13730,3061,1627,1013,4853,2506,6343,2685,1357,9437,5648,2376,684,1684,389,12578,997,11746,1320,3724,6170,28569,2508,9602
1999-03-01,1349,5678,2767,377,3290,1773,1004,40056,72888,2448,2808,1125,1866,1319,2023,2162,924,35819,1471,1565,1306,1423,2235,1084,2841,1704,3094,4534,4512,13762,3076,1625,1020,4875,2508,6388,2649,1353,9423,5698,2367,676,1672,405,12589,1013,11777,1311,3698,6152,28681,2505,9622
1999-04-01,1358,5648,2932,390,3287,1797,1025,40092,73378,2469,2891,1120,1865,1306,2013,2305,876,35686,1484,1549,1311,1445,2260,1117,2797,1691,3185,4618,4843,13656,3074,1588,1041,4869,2526,6366,2686,1355,9412,5804,2463,680,1701,409,12451,1045,11729,1382,3808,6344,28910,2567,9592
1999-05-01,1425,5740,2935,466,3474,1857,1042,40488,72751,2587,2945,1158,2021,1383,2079,2399,933,35092,1588,1643,1380,1536,2346,1186,2771,1753,3248,4748,4842,13801,3067,1625,1094,5056,2537,6483,2809,1382,9646,5655,2609,727,1723,445,12621,1121,11778,1440,3888,6472,29199,2702,9492
1999-06-01,1431,5928,2835,766,3494,1927,1081,41642,74076,2672,3034,1154,2024,1431,2134,2437,949,36031,1637,1619,1393,1481,2269,1148,2830,1825,3270,4807,4872,14151,3281,1663,1132,5157,2610,6681,2897,1398,9839,6171,2722,797,1785,442,12962,1199,12089,1428,3946,6584,29756,2647,9619
1999-07-01,1508,5967,2745,797,3486,1906,1017,41041,73980,2705,3042,1146,2107,1342,2116,2439,999,35715,1696,1634,1392,1479,2385,1191,2773,1828,3368,4658,4893,13931,3191,1634,1114,5527,2675,6723,2904,1391,9782,6068,2820,774,1680,451,13039,1191,12330,1405,3950,6640,29467,2778,9519
1999-08-01,1474,5828,2917,785,3466,1875,1013,40619,72817,2681,3068,1150,2084,1372,2115,2514,973,35687,1717,1608,1389,1514,2349,1208,2813,1809,3337,4716,4828,13822,3112,1618,1099,5187,2678,6638,2845,1407,9733,5948,2769,791,1694,459,12876,1181,12085,1396,3918,6554,29711,2715,9514
1999-09-01,1383,5621,2784,680,3532,1827,1031,39872,72812,2463,2955,1129,1981,1293,2047,2371,921,35872,1594,1611,1367,1521,2312,1134,2675,1718,3204,4493,4543,13561,3115,1579,1033,4978,2656,6361,2749,1351,9613,5682,2651,735,1644,410,12389,1156,11673,1386,3853,6538,28552,2601,9315
1999-10-01,1339,5686,2741,571,3305,1801,1006,39951,73382,2421,2939,1116,1929,1238,2028,2343,908,36203,1512,1581,1357,1536,2227,1143,2704,1680,3242,4390,4491,13586,3035,1516,1034,5124,2615,6175,2693,1370,9543,5643,2628,699,1638,410,12335,1104,11571,1366,3857,6568,28854,2523,9379
1999-11-01,1313,5566,2750,361,3244,1766,971,39594,73001,2383,2894,1068,1866,1224,1987,2291,888,35989,1489,1537,1320,1376,2211,1112,2728,1651,3148,4334,4440,13454,3015,1491,1020,4625,2610,6214,2722,1359,9208,5674,2540,685,1645,387,12276,1076,11496,1296,3700,6060,28789,2496,9392
1999-12-01,1338,5524,2769,352,3265,1780,986,39452,72676,2392,2833,1059,1899,1240,2012,2286,865,35897,1475,1525,1290,1379,2202,1123,2824,1625,3165,4361,4456,13432,3013,1487,1008,4599,2585,6146,2722,1358,9259,5673,2501,648,1641,367,12166,1080,11457,1262,3743,6037,28880,2500,9297
2000-01-01,1319,5880,2597,465,3412,1749,1066,39363,73899,2227,2959,1027,1743,1336,2044,1903,923,35270,1308,1332,1216,1269,2231,1017,2863,1555,2631,4438,4374,13644,2934,1730,1049,4489,2230,6056,3054,1289,9220,5257,2242,720,1262,416,11834,1123,11745,1388,4139,6211,27766,2275,10294
2000-02-01,1306,5931,2612,466,3408,1742,1075,39302,73947,2283,3037,1053,1743,1356,2082,1914,916,35630,1334,1359,1251,1275,2270,1032,2867,1556,2670,4484,4279,13645,2967,1786,1065,4494,2227,6069,3092,1285,9348,5232,2269,760,1260,411,11883,1125,11635,1397,4135,6267,27735,2338,10216
2000-03-01,1317,6098,2637,475,3403,1763,1103,39499,74622,2328,2994,1062,1764,1348,2056,1911,914,35651,1348,1357,1228,1287,2257,1020,2844,1547,2649,4457,4380,13682,2986,1781,1069,4408,2274,6069,3070,1297,9305,5238,2285,740,1279,435,11955,1121,11748,1426,4173,6231,27941,2357,10298
2000-04-01,1277,6026,2634,474,3422,1754,1080,40058,74841,2283,3075,1049,1708,1332,2026,1958,903,35734,1362,1360,1229,1294,2250,1045,2827,1522,2611,4458,4543,13877,2991,1783,1087,4444,2232,6154,3034,1313,9350,5174,2268,758,1264,417,11954,1113,11771,1449,4217,6370,28274,2361,10356
2000-05-01,1314,6000,2683,487,3548,1827,1103,40367,74118,2343,3104,1096,1791,1391,2128,2042,937,35690,1396,1419,1302,1341,2352,1071,2807,1577,2712,4656,4792,13890,3054,1860,1190,4619,2288,6245,3095,1328,9341,5096,2378,831,1238,463,12300,1204,11872,1518,4293,6495,28421,2447,10552
2000-06-01,1381,6247,2674,521,3661,1881,1058,41113,75759,2531,3238,1107,1844,1397,2201,2070,933,36393,1374,1384,1325,1344,2355,1092,2885,1613,2774,4777,4871,14179,3165,1912,1229,4700,2407,6361,3223,1347,9881,5446,2510,838,1262,457,13106,1274,12165,1507,4278,6711,28971,2416,10585
2000-07-01,1391,6216,2501,515,3636,1933,1041,41087,76361,2525,3205,1139,1850,1420,2172,2118,959,36188,1388,1418,1303,1328,2330,1087,2842,1627,2820,4759,4697,14171,3107,1904,1206,5023,2322,6289,3257,1327,9523,5361,2538,877,1232,449,12972,1227,12383,1502,4293,6746,28495,2426,10859
2000-08-01,1396,6138,2715,507,3594,1925,1025,40715,76495,2466,3149,1118,1809,1349,2141,2047,890,36415,1408,1368,1313,1276,2362,1082,2823,1586,2765,4759,4694,14043,3132,1835,1189,5148,2285,6357,3232,1333,9406,5365,2490,893,1266,426,12906,1204,12321,1480,4352,6739,28380,2394,10896
2000-09-01,1294,5991,2612,493,3466,1818,1033,39852,75947,2345,3043,1033,1717,1383,2034,1946,890,35841,1355,1364,1246,1334,2281,1051,2719,1541,2678,4556,4395,13722,2960,1827,1113,5059,2167,6104,3089,1292,9375,5132,2373,801,1251,414,12489,1202,11722,1468,4366,6659,27421,2317,10703
2000-10-01,1276,5957,2568,485,3466,1787,1026,39966,76100,2344,3028,1049,1733,1363,2057,1885,889,36280,1365,1367,1258,1387,2270,1051,2736,1554,2651,4482,4419,13715,2986,1838,1186,4962,1987,6227,3064,1296,9414,5180,2340,801,1285,430,12226,1200,11720,1422,4383,6590,27551,2312,10511
2000-11-01,1267,5935,2530,481,3411,1719,1020,39836,75770,2317,3011,1022,1749,1362,2028,1883,883,36028,1355,1360,1226,1248,2245,1014,2760,1544,2589,4444,4260,13756,2997,1797,1071,4479,1957,6184,3013,1291,9129,5133,2278,764,1280,409,12202,1167,11640,1377,4320,6312,27531,2299,10531
2000-12-01,1251,5883,2636,470,3363,1713,1009,40265,76349,2288,2915,1034,1706,1329,1988,1817,892,36145,1370,1362,1191,1264,2248,966,2774,1513,2590,4447,4259,13953,2957,1810,1065,4437,1950,6125,2960,1260,9250,5182,2219,712,1280,389,11967,1141,11394,1348,4266,6147,27123,2266,10509
2001-01-01,1222,5809,2624,478,3378,1764,997,40101,75647,2235,2908,997,1725,1332,1967,1809,882,35577,1327,1367,1183,1275,2207,1030,2860,1498,2620,4399,4267,13729,2923,1793,1042,4436,1966,6074,3009,1285,8919,5660,2227,718,1314,387,11896,1094,11622,1362,4183,6177,27740,2281,10417
2001-02-01,1206,5886,2638,483,3377,1736,969,40192,75775,2259,2928,1005,1706,1343,1971,1818,889,36411,1321,1361,1172,1237,2202,1005,2870,1507,2620,4434,4248,13783,2919,1796,1026,4421,1968,6120,3044,1289,9007,5728,2241,730,1331,388,11977,1086,11569,1372,4170,6182,27989,2292,10470
2001-03-01,1210,6028,2632,487,3424,1749,995,40314,75908,2288,2934,1013,1741,1372,1991,1824,895,36336,1339,1358,1199,1260,2267,1012,2849,1499,2668,4379,4377,13790,2944,1807,1055,4438,1978,6154,3053,1291,9039,5648,2214,751,1326,404,12016,1089,11656,1357,4203,6187,27895,2286,10524
2001-04-01,1175,5996,2655,489,3502,1765,980,40361,75598,2271,3074,1016,1715,1375,1996,1877,903,36335,1387,1379,1248,1299,2301,1062,2846,1500,2661,4414,4536,13759,2962,1824,1099,4539,1982,6232,3038,1313,9110,5613,2233,787,1322,398,12124,1107,11720,1394,4271,6394,28252,2322,10641
2001-05-01,1196,5934,2668,502,3588,1803,997,40775,75628,2295,3049,1037,1752,1413,2016,1939,919,35953,1380,1410,1274,1297,2352,1057,2815,1517,2728,4560,4815,13823,2992,1860,1176,4706,1986,6336,3056,1313,9054,5541,2293,838,1293,420,12410,1167,11803,1438,4312,6460,28450,2366,10878
2001-06-01,1241,6158,2635,534,3664,1841,958,42016,77206,2452,3158,1036,1784,1401,2059,1954,909,36434,1333,1365,1272,1286,2325,1058,2876,1549,2773,4632,4920,14287,3088,1898,1200,4718,2093,6465,3163,1351,9478,5821,2409,837,1299,406,13230,1213,12130,1409,4301,6590,29101,2310,10929
2001-07-01,1226,6015,2433,518,3582,1857,937,42009,77797,2410,3065,1054,1763,1402,2012,1963,926,35477,1353,1377,1236,1257,2255,1033,2799,1534,2787,4561,4719,14313,2997,1850,1161,4997,2013,6338,3149,1319,9181,5700,2399,873,1244,400,12825,1144,12241,1382,4200,6502,28399,2273,11143
2001-08-01,1225,5870,2624,514,3528,1837,910,41434,77386,2336,2985,1026,1701,1325,1955,1888,854,35978,1350,1323,1228,1188,2271,1034,2767,1483,2701,4517,4643,14060,2989,1779,1124,4963,1956,6397,3102,1301,8956,5564,2336,885,1275,365,12744,1117,12111,1351,4248,6455,28164,2232,11174
2001-09-01,1141,5778,2570,496,3427,1754,937,40354,76406,2244,2910,965,1646,1377,1891,1806,871,35686,1354,1332,1200,1269,2231,1027,2682,1463,2661,4349,4324,13667,2868,1780,1076,5086,1874,6150,2993,1258,8935,5479,2251,812,1294,381,12359,1134,11578,1355,4290,6492,27281,2173,10993
2001-10-01,1147,5788,2528,488,3468,1739,943,39757,75461,2276,2933,998,1697,1381,1980,1768,892,36374,1389,1360,1240,1341,2254,1037,2701,1500,2677,4319,4380,13466,2908,1822,1165,5049,1750,6294,2997,1271,8961,5519,2242,827,1333,410,12195,1155,11613,1341,4334,6507,27477,2199,10832
2001-11-01,1144,5733,2498,483,3405,1661,932,39639,75036,2231,2905,963,1722,1362,1953,1755,884,35977,1363,1336,1197,1205,2214,991,2707,1482,2608,4253,4199,13461,2901,1767,1056,4544,1711,6223,2934,1260,8661,5487,2172,776,1329,388,12108,1111,11494,1286,4247,6168,27251,2160,10820
2001-12-01,1142,5742,2602,483,3387,1662,923,39615,74793,2222,2872,974,1681,1353,1908,1721,886,35926,1368,1353,1174,1210,2240,946,2741,1456,2612,4335,4270,13553,2889,1798,1047,4572,1703,6203,2896,1253,8667,5633,2144,724,1343,363,12001,1095,11364,1265,4217,6069,27077,2140,10877
2002-01-01,1214,5908,2650,486,3484,1664,1016,39476,74052,2163,2791,998,1725,1358,1954,1812,884,35457,1311,1283,1235,1253,2293,980,2782,1492,2600,4494,4471,13417,2876,1702,1057,4109,1938,6026,2962,1265,9073,5461,2086,693,1311,468,12135,1130,11522,1349,4016,5905,27083,2277,10551
2002-02-01,1195,5896,2652,485,3526,1667,989,39877,74899,2184,2808,1005,1716,1367,1935,1794,891,35716,1314,1311,1218,1263,2251,968,2816,1483,2592,4589,4411,13495,2886,1692,1022,4135,1935,6003,2964,1278,9063,5592,2078,688,1308,436,12262,1130,11540,1342,4059,5962,27367,2287,10579
2002-03-01,1207,6073,2681,488,3550,1683,983,40176,74651,2203,2899,1002,1716,1357,1967,1795,885,35648,1298,1321,1197,1264,2280,964,2798,1485,2596,4635,4446,13585,2880,1701,1025,4091,1931,6028,2957,1286,9183,5592,2070,681,1309,437,12329,1117,11605,1310,4084,5913,27559,2279,10675
2002-04-01,1216,5959,2678,495,3629,1735,1019,40227,75288,2221,2966,1035,1765,1382,2032,1856,895,35943,1353,1330,1231,1255,2320,972,2767,1513,2633,4635,4702,13563,2909,1741,1046,4152,1955,6028,3011,1289,9199,5540,2106,685,1349,446,12350,1195,11633,1361,4155,6096,27399,2320,10751
2002-05-01,1240,5990,2713,503,3736,1745,1030,40912,75170,2286,2948,1080,1790,1387,2076,1901,918,35410,1377,1361,1291,1290,2381,988,2784,1510,2694,4799,4817,13763,2971,1773,1084,4235,1963,6147,3015,1325,9260,5541,2123,727,1354,460,12654,1225,11726,1399,4161,6205,28006,2334,10948
2002-06-01,1258,6054,2617,530,3753,1793,1013,42474,76595,2326,3004,1047,1812,1436,2110,1902,953,35802,1369,1386,1243,1356,2318,996,2852,1522,2771,4816,5012,14294,3045,1773,1163,4329,2063,6401,3088,1345,9592,5953,2219,779,1385,457,13287,1206,11946,1386,4225,6309,28561,2292,11226
2002-07-01,1289,6107,2625,526,3742,1715,990,42405,78076,2398,2970,1063,1822,1431,2129,1905,897,35146,1341,1330,1244,1249,2214,980,2820,1517,2676,4756,4787,14314,2918,1678,1139,4317,1977,6402,3066,1325,9408,5561,2226,735,1361,479,13190,1154,11975,1345,4130,6233,28195,2312,11170
2002-08-01,1259,6014,2735,523,3604,1743,1001,41715,78364,2338,2885,1027,1789,1325,2077,1864,918,35552,1299,1318,1253,1174,2185,946,2825,1502,2742,4661,4761,14039,2976,1641,1102,4295,1926,6350,3024,1330,9175,5622,2192,751,1418,466,13048,1121,11866,1335,4092,6148,28218,2288,11264
2002-09-01,1209,5932,2605,516,3521,1693,1034,40794,76985,2190,2805,1016,1709,1343,1971,1832,903,35868,1305,1302,1238,1216,2219,941,2740,1463,2670,4502,4525,13709,2911,1649,1059,4237,1892,6038,2912,1298,9227,5277,2071,745,1345,458,12861,1134,11560,1334,4113,6033,27484,2246,10970
2002-10-01,1240,6050,2685,500,3571,1691,1042,40419,76522,2197,2847,1039,1747,1355,2011,1814,895,36361,1312,1293,1290,1229,2240,971,2727,1481,2646,4426,4433,13562,2920,1663,1111,4242,1939,5966,2966,1288,9464,5306,2096,747,1330,478,12531,1140,11485,1342,4168,6025,27278,2307,10902
2002-11-01,1228,5967,2651,495,3457,1675,1003,40435,75584,2204,2814,1026,1708,1346,1988,1767,898,36274,1293,1313,1254,1237,2211,949,2726,1449,2604,4426,4441,13589,2851,1655,1046,4089,1869,5918,2912,1278,9127,5196,2052,664,1327,462,12400,1144,11252,1313,4100,6006,26975,2271,10760
2002-12-01,1195,5991,2723,497,3480,1670,1020,39922,75602,2154,2798,1048,1687,1344,1952,1751,870,36176,1267,1296,1240,1203,2235,933,2725,1427,2598,4441,4413,13535,2872,1626,1039,4075,1850,5911,2887,1270,9078,5259,2020,672,1335,438,12416,1123,11179,1299,4090,5951,26879,2210,10681
2003-01-01,1198,5882,2641,480,3416,1702,947,40655,75491,2163,2738,1045,1680,1329,1975,1755,901,35454,1260,1296,1194,1246,2253,949,2806,1469,2594,4374,4433,13667,2865,1678,1077,4233,1909,5980,2838,1251,9030,5132,1946,693,1305,457,12297,1013,11289,1305,4004,5897,27043,2294,10705
2003-02-01,1206,5964,2680,491,3426,1702,988,40722,75477,2172,2785,1050,1685,1366,1979,1759,919,35698,1266,1312,1212,1226,2263,943,2831,1475,2603,4405,4452,13647,2888,1695,1063,4252,1951,5930,2889,1261,9092,5267,2046,713,1316,454,12353,1076,11297,1317,4035,5910,27287,2275,10705
2003-03-01,1233,6144,2691,490,3466,1716,1004,40840,75383,2211,2810,1094,1716,1398,2018,1772,927,35867,1303,1339,1221,1238,2304,953,2848,1502,2635,4439,4521,13639,2893,1706,1122,4203,1920,5906,2924,1277,9234,5225,2092,711,1330,470,12466,1106,11352,1349,4066,5955,27489,2279,10735
2003-04-01,1223,6014,2682,487,3529,1742,1010,41018,76197,2210,2828,1088,1765,1408,2055,1789,952,36054,1329,1381,1253,1247,2328,968,2785,1492,2655,4456,4685,13653,2913,1718,1134,4162,1932,5929,2936,1268,9197,5366,2102,725,1327,480,12604,1113,11321,1331,4114,6012,27408,2320,10885
2003-05-01,1282,6029,2752,498,3645,1780,1049,41438,76334,2250,2891,1133,1799,1407,2085,1841,984,35774,1346,1430,1314,1252,2411,977,2777,1540,2744,4607,4857,13768,3017,1843,1164,4275,1970,6005,3045,1294,9319,5334,2161,789,1324,493,12828,1160,11378,1373,4182,6197,27737,2317,10994
2003-06-01,1326,6225,2646,523,3744,1843,1034,43122,78332,2366,2991,1109,1877,1441,2107,1807,1008,36034,1340,1432,1251,1310,2398,1047,2843,1548,2796,4667,4978,14295,3090,1826,1231,4354,2034,6179,3087,1327,9550,5629,2300,814,1368,530,13394,1182,11639,1376,4223,6318,28424,2306,11374
2003-07-01,1330,6102,2510,520,3643,1789,1036,43399,79453,2360,2924,1120,1832,1401,2005,1845,947,35753,1338,1387,1236,1301,2337,976,2878,1546,2807,4670,4812,14456,2990,1794,1229,4323,2035,6094,3118,1320,9453,5504,2281,804,1336,522,13344,1168,11870,1358,4166,6163,28334,2297,11319
2003-08-01,1285,6079,2815,516,3620,1769,1030,42994,79895,2325,2869,1097,1847,1322,2010,1813,963,36259,1338,1393,1233,1265,2303,967,2839,1541,2868,4628,4814,14323,3077,1752,1226,4450,1993,6108,3068,1330,9304,5539,2300,790,1403,505,13212,1189,11950,1362,4126,6132,28443,2241,11295
2003-09-01,1233,6010,2763,509,3541,1764,1042,42038,78411,2209,2820,1040,1832,1367,1981,1791,970,36330,1329,1346,1265,1207,2329,982,2776,1510,2773,4508,4740,13926,3046,1750,1272,4268,1973,6039,2917,1303,9392,5248,2212,824,1342,491,13092,1180,11546,1337,4137,5966,27893,2270,10826
2003-10-01,1258,6126,2836,496,3569,1758,1051,41751,78479,2196,2839,1058,1870,1373,1994,1769,964,37062,1329,1333,1313,1210,2336,1000,2766,1520,2732,4440,4708,13882,3042,1757,1329,4334,2001,6004,2960,1301,9530,5303,2228,822,1347,506,12855,1180,11489,1336,4217,5970,27856,2313,10847
2003-11-01,1247,6044,2809,491,3460,1742,1013,41421,78197,2220,2812,1048,1825,1367,1976,1714,954,37294,1305,1357,1267,1213,2314,984,2788,1485,2681,4448,4681,13830,2959,1754,1228,4208,1930,5948,2908,1284,9299,5230,2185,730,1341,488,12749,1188,11241,1299,4151,5955,27534,2286,10656
2003-12-01,1224,6076,2886,489,3494,1756,1026,41511,77958,2181,2809,1066,1826,1352,1971,1716,944,37029,1270,1336,1262,1199,2345,973,2832,1471,2671,4465,4627,13906,2973,1740,1223,4195,1935,5956,2898,1277,9278,5258,2176,739,1354,469,12762,1179,11142,1287,4148,5904,27329,2226,10573
2004-01-01,1263,5960,2799,476,3477,1657,1051,42025,78183,2110,2760,1022,1690,1323,1969,1755,943,36799,1287,1384,1225,1264,2370,989,2800,1487,2736,4527,4383,14048,2919,1702,1099,4050,1943,5963,3008,1255,9163,5183,2184,719,1342,493,12527,1097,11312,1325,4241,5861,27525,2263,10733
2004-02-01,1253,6003,2813,478,3513,1672,1051,42332,78746,2155,2768,996,1695,1349,1949,1770,942,37154,1267,1377,1199,1265,2351,985,2815,1473,2722,4538,4416,14125,2955,1714,1117,4059,1975,5932,3028,1261,9164,5297,2208,725,1335,452,12617,1126,11343,1346,4275,5862,27574,2242,10776
2004-03-01,1277,6147,2842,480,3535,1718,1065,42375,78948,2149,2768,1013,1711,1342,1972,1784,935,37106,1322,1392,1198,1286,2363,984,2830,1480,2772,4629,4442,14087,3038,1720,1144,4071,1962,5950,3032,1270,9272,5298,2239,736,1362,466,12733,1150,11474,1331,4297,5867,27763,2269,10830
2004-04-01,1288,6029,2863,484,3561,1707,1072,42845,79846,2171,2790,1024,1694,1356,1984,1789,954,36901,1304,1335,1256,1239,2398,979,2756,1501,2744,4620,4675,14144,3047,1757,1179,4045,1955,5964,3077,1290,9245,5202,2243,745,1371,462,12703,1230,11545,1368,4228,5977,28111,2323,10898
2004-05-01,1312,6086,2908,486,3620,1716,1092,43137,80120,2234,2893,1063,1753,1397,2040,1835,963,37026,1317,1387,1304,1263,2441,988,2760,1530,2816,4666,4918,14231,3202,1819,1170,4181,1987,6038,3156,1299,9331,5200,2335,784,1353,478,12918,1240,11660,1380,4299,6053,28396,2362,11117
2004-06-01,1359,6205,2795,515,3668,1817,1072,44583,81325,2339,2967,1052,1806,1375,2078,1881,995,37438,1320,1422,1250,1300,2410,1007,2841,1586,2815,4798,5324,14663,3255,1869,1248,4323,2090,6106,3236,1333,9603,5446,2480,818,1385,468,13614,1276,12108,1409,4342,6312,29071,2383,11487
2004-07-01,1368,6268,2673,513,3632,1797,1060,45103,82885,2300,2962,1049,1798,1338,1845,1895,925,37204,1310,1389,1228,1188,2291,997,2845,1541,2793,4710,5013,14898,3182,1833,1233,4406,2066,6136,3262,1326,9431,5522,2506,831,1328,461,13496,1291,12151,1377,4197,6085,28958,2361,11428
2004-08-01,1328,6246,2789,513,3546,1746,1040,44618,83130,2316,2902,1031,1767,1307,1814,1845,919,37371,1277,1359,1186,1202,2285,958,2843,1501,2820,4643,4860,14742,3220,1785,1196,4406,2029,6121,3244,1316,9238,5364,2493,796,1376,436,13489,1270,12113,1367,4150,6062,28825,2340,11555
2004-09-01,1244,6072,2781,499,3435,1751,1038,43418,82020,2161,2814,993,1674,1353,1753,1771,922,37627,1233,1356,1184,1198,2286,915,2741,1452,2689,4532,4738,14294,3100,1752,1401,4179,1957,6020,3085,1292,9235,5206,2389,750,1336,416,13198,1232,11714,1308,4131,5805,28251,2290,11238
2004-10-01,1243,6081,2781,497,3442,1755,1047,43538,81996,2158,2807,996,1676,1354,1763,1776,922,38052,1233,1360,1184,1193,2285,919,2760,1452,2690,4536,4752,14367,3118,1753,1403,4172,1962,6029,3090,1313,9250,5231,2386,754,1335,414,13194,1225,11755,1313,4143,5805,28273,2297,11239
2004-11-01,1228,6003,2762,492,3415,1726,1024,43145,80977,2128,2766,977,1649,1339,1734,1747,895,38249,1213,1341,1175,1176,2264,900,2734,1426,2656,4515,4721,14343,3078,1734,1391,4127,1917,5918,3045,1282,9075,5181,2347,741,1322,403,13058,1207,11517,1301,4100,5741,27804,2277,11042
2004-12-01,1236,6008,2801,491,3431,1731,1021,42990,80310,2136,2784,987,1670,1381,1769,1748,904,37748,1238,1343,1191,1215,2277,916,2798,1440,2672,4559,4719,14332,3086,1754,1401,4198,1954,5930,3066,1280,9080,5213,2372,749,1330,413,13033,1218,11533,1317,4106,5781,27817,2301,10961
2005-01-01,1295,5997,2811,483,3437,1675,1015,43233,79683,2086,2874,955,1694,1321,1893,1756,926,37739,1253,1415,1202,1210,2255,957,2852,1486,2684,4531,4353,14307,2955,1679,1074,4079,1927,5867,3043,1271,8933,5209,2376,702,1347,547,12932,1156,11433,1319,4198,5868,27816,2249,11202
2005-02-01,1289,6046,2778,483,3431,1690,1018,43507,80460,2104,2875,944,1693,1330,1839,1771,916,37805,1250,1423,1160,1201,2261,945,2824,1456,2653,4468,4347,14385,2988,1675,1056,4052,1920,5909,3050,1272,8923,5226,2364,693,1326,521,12967,1140,11455,1320,4225,5862,27940,2212,11241
2005-03-01,1280,6112,2822,490,3437,1740,1041,43383,80381,2110,2950,964,1692,1368,1878,1755,916,37674,1271,1423,1200,1223,2301,956,2801,1460,2681,4772,4379,14280,3006,1669,1159,4065,1933,5942,3062,1273,8996,5248,2394,729,1337,527,12969,1134,11599,1329,4230,5857,27965,2246,11286
2005-04-01,1270,5973,2779,495,3461,1715,1033,43972,81843,2099,2887,967,1673,1320,1877,1769,940,37817,1249,1381,1167,1180,2237,931,2767,1434,2602,4701,4623,14405,2960,1721,1095,4082,1933,5991,3026,1288,8925,5200,2363,702,1324,520,13054,1108,11607,1284,4234,5844,28216,2200,11462
2005-05-01,1275,5983,2754,499,3602,1726,1053,44386,82753,2152,2931,990,1690,1345,1871,1762,952,37932,1250,1379,1205,1191,2290,937,2776,1475,2640,4697,4835,14463,3066,1761,1112,4159,1942,6053,3050,1298,8972,5249,2382,724,1313,525,13310,1119,11679,1269,4216,5880,28505,2227,11627
2005-06-01,1340,6197,2776,520,3725,1798,1036,45581,83314,2207,3080,997,1741,1413,1897,1784,983,38175,1256,1398,1183,1240,2329,949,2817,1500,2732,4784,4900,14926,3197,1780,1160,4284,2043,6241,3213,1340,9294,5506,2560,792,1359,522,13945,1206,12091,1312,4250,6203,29090,2235,11910
2005-07-01,1394,6188,2719,529,3678,1751,1015,45797,84074,2206,3074,1023,1809,1403,1834,1819,899,38063,1267,1373,1212,1228,2208,899,2807,1490,2696,4661,4771,14989,2973,1749,1123,4267,1995,6198,3221,1329,9165,5387,2563,792,1360,540,14103,1185,12040,1253,4240,5995,28739,2190,12101
2005-08-01,1364,6125,2823,528,3644,1784,987,45297,84419,2231,3052,1021,1785,1305,1824,1802,868,38089,1212,1390,1166,1208,2221,901,2814,1436,2717,4625,4729,14862,3024,1700,1084,4275,1976,6179,3186,1336,9070,5259,2549,795,1352,530,13996,1154,11996,1235,4185,5928,28903,2156,12188
2005-09-01,1289,6063,2837,520,3563,1732,1020,44004,82685,2152,2959,988,1750,1321,1819,1757,896,38447,1251,1414,1224,1248,2231,918,2732,1427,2717,4537,4509,14354,2938,1698,1086,4213,1967,6023,3107,1302,9064,5100,2465,790,1318,517,13830,1174,11672,1229,4285,5861,28209,2164,11918
2005-10-01,1304,5995,2847,504,3428,1731,1042,44378,82818,2142,2990,987,1777,1328,1853,1786,880,38610,1271,1342,1199,1248,2260,952,2739,1483,2745,4544,4495,14518,2946,1663,1069,4182,1930,6000,3073,1313,9249,5094,2412,800,1345,532,13438,1169,11647,1233,4288,5884,28204,2198,11824
2005-11-01,1315,5926,2803,506,3380,1716,1006,43984,82351,2150,2927,962,1700,1315,1833,1773,872,38583,1238,1342,1180,1237,2234,926,2705,1447,2715,4536,4464,14393,2933,1617,1063,4126,1896,5863,3029,1292,8989,5054,2358,725,1340,521,13356,1138,11411,1210,4223,5769,27845,2168,11765
2005-12-01,1325,5944,2776,493,3354,1726,1010,43908,81971,2104,2945,965,1752,1325,1830,1764,883,38122,1283,1333,1183,1241,2307,932,2762,1451,2719,4527,4511,14444,2907,1636,1073,4088,1945,5874,3059,1285,8986,4997,2393,706,1320,514,13216,1130,11432,1225,4247,5787,27814,2144,11951
2006-01-01,1275,5850,2756,504,3319,1725,1029,44364,81847,2074,2950,942,1757,1326,1804,1705,864,37756,1278,1334,1164,1262,2276,957,2795,1457,2686,4430,4597,14428,2852,1626,1054,3999,1912,5886,3081,1292,8888,5100,2395,705,1349,514,13027,1115,11728,1213,4176,5754,27829,2155,12089
2006-02-01,1299,5925,2784,498,3326,1723,1019,44376,82637,2081,2946,921,1756,1322,1826,1704,844,38122,1242,1344,1170,1245,2238,951,2806,1447,2687,4448,4622,14442,2881,1602,1067,4014,1893,5904,3108,1298,8910,5136,2439,690,1341,547,13112,1125,11738,1217,4219,5747,28004,2176,12210
2006-03-01,1284,6041,2785,501,3331,1739,1006,44460,82995,2103,2971,937,1728,1335,1822,1700,837,38161,1243,1330,1169,1247,2281,959,2784,1472,2692,4469,4827,14431,2844,1672,1085,4000,1907,5901,3143,1310,9000,5156,2447,688,1347,539,13311,1121,11865,1199,4234,5763,28176,2162,12369
2006-04-01,1301,5930,2768,515,3396,1741,1014,45226,82866,2128,2939,958,1731,1304,1844,1716,840,38152,1240,1331,1181,1250,2304,944,2788,1469,2774,4553,5141,14619,2833,1651,1064,4072,1897,6008,3102,1332,8995,5098,2456,709,1360,489,13555,1133,11876,1222,4278,5795,28466,2195,12406
2006-05-01,1308,5856,2756,519,3492,1758,1029,45925,84010,2174,3042,982,1753,1328,1835,1744,844,38099,1249,1321,1210,1273,2319,955,2804,1464,2839,4661,5233,14800,2910,1735,1086,4071,1904,6081,3162,1333,8946,5111,2469,734,1328,488,13678,1159,11918,1215,4284,5890,28746,2185,12762
2006-06-01,1353,6064,2773,555,3593,1859,1011,47081,84890,2208,3212,971,1819,1414,1928,1829,905,38335,1263,1376,1266,1325,2314,978,2855,1524,2833,4759,5058,15212,3038,1796,1134,4226,2017,6223,3285,1381,9200,5377,2610,774,1340,542,14478,1166,12253,1247,4245,6135,29509,2318,13084
2006-07-01,1377,6055,2634,552,3601,1836,1005,47716,85206,2233,3123,1008,1769,1298,1864,1762,850,38259,1270,1313,1235,1322,2298,964,2837,1526,2837,4789,4781,15470,2883,1760,1117,4217,1983,6115,3322,1372,9057,5174,2720,719,1366,564,14338,1157,12311,1205,4219,6011,29384,2284,12952
2006-08-01,1348,5965,2830,545,3538,1771,1000,47347,85958,2243,3095,994,1762,1266,1823,1714,850,38259,1228,1303,1204,1289,2293,940,2828,1509,2891,4754,4817,15340,2967,1696,1093,4284,1967,6052,3266,1373,8925,5114,2670,702,1363,539,14205,1127,12371,1197,4242,5929,29219,2274,12913
2006-09-01,1295,5936,2735,529,3556,1805,1038,45587,84558,2128,3020,965,1733,1307,1830,1693,869,39147,1233,1344,1214,1272,2280,974,2763,1472,2895,4719,4663,14717,2930,1730,1096,4193,1855,5937,3149,1340,9139,5016,2517,729,1297,514,13941,1115,11822,1189,4254,5792,28735,2185,12560
2006-10-01,1300,5960,2725,521,3508,1758,1028,46201,85031,2147,2984,955,1707,1320,1802,1714,855,39220,1247,1296,1225,1280,2239,965,2765,1427,2891,4816,4650,14845,2944,1713,1175,4085,1934,5873,3115,1355,9145,5049,2499,691,1319,534,13756,1165,11837,1193,4297,5797,28904,2168,12769
2006-11-01,1268,5910,2722,521,3360,1741,1014,45796,85534,2107,3022,918,1640,1316,1764,1674,826,39008,1217,1281,1170,1229,2211,943,2764,1397,2866,4747,4454,14861,2909,1628,1105,4023,1893,5798,3425,1340,8994,5028,2841,646,1289,553,13589,1116,11681,1151,4243,5689,28623,2115,12746
2006-12-01,1272,5946,2695,520,3373,1792,1025,46035,85105,2055,2932,933,1638,1290,1735,1703,822,38928,1217,1280,1165,1218,2180,940,2794,1390,2864,4778,4408,14913,2897,1630,1102,4031,1901,5831,3054,1329,8855,5043,2421,632,1296,516,13607,1086,11661,1149,4226,5705,28676,2124,12958
2007-01-01,1266,5942,2677,491,3356,1704,1019,46569,86116,1989,2889,895,1633,1296,1693,1701,869,38997,1200,1311,1092,1206,2098,945,2718,1408,2795,4707,4409,14909,2835,1580,1037,3975,1854,5867,3028,1246,8722,5100,2278,633,1318,480,13447,1064,11743,1123,4155,5646,28573,2116,12752
2007-02-01,1256,5960,2670,499,3342,1695,1025,46642,86382,1970,2857,894,1632,1288,1677,1722,859,39395,1198,1323,1131,1209,2140,943,2744,1390,2785,4702,4429,14928,2854,1585,1037,3987,1894,5920,3032,1260,8829,5154,2269,627,1319,482,13756,1087,11809,1129,4201,5679,28817,2119,12793
2007-03-01,1283,6095,2675,497,3383,1719,1018,46832,86373,2015,2903,906,1658,1291,1702,1716,872,39443,1190,1335,1149,1224,2189,939,2714,1396,2845,4800,4549,14912,2927,1623,1069,3989,1871,5914,3025,1268,8944,5163,2194,643,1320,503,13751,1117,11831,1131,4267,5745,28902,2149,12813
2007-04-01,1289,6029,2696,500,3400,1709,996,46910,86950,1990,2899,910,1637,1294,1684,1694,882,39337,1195,1313,1127,1210,2214,921,2723,1414,2882,4913,4749,14923,3006,1665,1078,3962,1842,5908,3067,1292,8841,5188,2229,647,1302,513,13791,1109,11901,1147,4300,5712,29345,2147,12767
2007-05-01,1338,5999,2657,509,3531,1796,1040,47177,87583,2070,2985,917,1694,1334,1713,1749,886,39276,1223,1357,1196,1229,2297,944,2722,1444,2926,4960,4777,14970,3007,1723,1105,4045,1893,5931,3105,1311,8997,5144,2227,650,1288,541,14020,1143,11982,1170,4285,5811,29637,2148,12954
2007-06-01,1363,6227,2675,537,3599,1879,1040,48543,87889,2097,3146,924,1766,1411,1833,1806,937,39559,1225,1414,1241,1338,2256,962,2800,1527,3033,5003,4850,15416,3148,1742,1153,4217,2008,6064,3204,1345,9301,5502,2331,678,1317,666,14574,1187,12207,1194,4342,6173,30308,2264,13426
2007-07-01,1359,6163,2586,527,3550,1798,1018,48795,88620,2124,3090,957,1755,1313,1749,1735,859,39359,1252,1324,1203,1283,2220,933,2772,1500,3102,4752,4912,15533,3065,1708,1189,4218,1962,5985,3187,1322,9243,5406,2343,672,1298,704,14387,1151,12317,1168,4192,5942,29949,2182,13476
2007-08-01,1311,5980,2640,521,3450,1753,995,48468,89455,2171,3028,906,1803,1266,1708,1677,851,39028,1202,1301,1158,1235,2179,901,2763,1473,3054,4671,4962,15372,3051,1611,1158,4118,1939,5961,3119,1323,8993,5119,2275,620,1310,733,14204,1109,12140,1156,4161,5777,29973,2163,13493
2007-09-01,1268,6015,2578,513,3446,1760,1040,46818,87793,2123,2904,892,1763,1248,1723,1668,896,39468,1204,1319,1162,1222,2191,925,2702,1409,3011,4578,5007,14815,2977,1639,1202,4010,1915,5859,3042,1296,9088,5014,2190,658,1241,745,14096,1102,11782,1157,4234,5587,29463,2107,12953
2007-10-01,1270,6011,2595,500,3406,1788,1017,46885,88343,2222,2918,874,1672,1297,1689,1652,896,39741,1204,1263,1171,1182,2164,904,2684,1352,2959,4556,4911,14825,2986,1642,1236,3996,1927,5794,3000,1292,9201,5013,2177,608,1282,741,13868,1124,11698,1137,4268,5624,29322,2080,13095
2007-11-01,1262,5979,2624,496,3307,1780,990,46469,88655,2215,2867,851,1638,1232,1637,1637,857,39620,1145,1231,1118,1172,2147,919,2664,1353,2865,4494,4784,14736,2915,1594,1163,3885,1904,5714,2942,1275,8920,5042,2110,587,1261,739,13810,1108,11546,1122,4236,5529,28921,2044,13021
2007-12-01,1255,5953,2655,490,3307,1771,986,46733,88120,2125,2871,873,1639,1246,1628,1653,853,39345,1161,1262,1107,1193,2155,899,2704,1377,2874,4572,4695,14911,2890,1598,1141,3860,1947,5759,2982,1265,8865,5041,2097,601,1254,700,13650,1127,11558,1088,4197,5575,28876,2067,13437
2008-01-01,1235,5978,2631,500,3451,1681,1016,46855,87699,2021,2868,841,1679,1237,1666,1682,861,39259,1185,1254,1081,1212,2152,909,2722,1364,2925,4676,4480,14880,2835,1649,1041,3830,1945,5823,3016,1227,8872,5057,2149,626,1299,690,13743,1096,11528,1104,4168,5556,29035,2080,13660
2008-02-01,1219,5988,2650,501,3428,1633,1014,47120,88765,1920,2809,836,1674,1228,1624,1663,854,38909,1164,1263,1073,1220,2156,889,2752,1343,2894,4683,4557,15000,2829,1635,1064,3769,1960,5887,2978,1247,8877,5042,2134,623,1279,724,13713,1105,11605,1102,4162,5524,29364,2064,14018
2008-03-01,1216,6134,2679,503,3528,1669,1025,47101,88722,1953,2870,854,1697,1253,1675,1694,864,39030,1201,1295,1097,1225,2229,921,2737,1363,2926,4914,4561,14964,2861,1646,1092,3845,1971,5796,3037,1246,9074,5082,2158,627,1302,795,13823,1100,11656,1122,4158,5605,29497,2080,13995
2008-04-01,1234,6098,2675,511,3550,1688,1034,47341,89340,1921,2882,891,1683,1258,1682,1717,877,39201,1173,1274,1096,1222,2269,908,2756,1357,2960,5011,4786,14982,2856,1680,1106,3850,1899,5855,3045,1268,9006,5045,2167,619,1305,811,14041,1100,11740,1128,4217,5702,29748,2114,14199
2008-05-01,1270,6158,2669,526,3705,1755,1070,47668,89703,2028,2945,912,1702,1274,1708,1789,901,39110,1202,1315,1115,1269,2338,918,2747,1399,3010,5182,4966,15031,2933,1760,1125,3911,1915,5959,3100,1285,9055,5021,2187,639,1293,799,14427,1137,11811,1129,4186,5740,30070,2116,14591
2008-06-01,1321,6444,2705,552,3752,1841,1076,48648,90271,2116,3071,932,1799,1355,1774,1939,920,39031,1241,1371,1172,1308,2328,930,2804,1479,3198,5316,5083,15376,3104,1820,1205,4077,2021,6111,3331,1300,9367,5409,2388,660,1339,796,14990,1230,12048,1145,4240,6000,30605,2230,14971
2008-07-01,1315,6491,2588,550,3699,1799,1046,49122,90282,2140,3169,934,1833,1312,1741,1873,851,39112,1230,1288,1163,1317,2293,941,2785,1458,3300,4858,5143,15515,3019,1828,1228,4143,2013,6032,3494,1285,9226,5137,2623,702,1330,854,14919,1235,12207,1121,4116,5936,30350,2185,14941
2008-08-01,1324,6515,2716,541,3663,1807,1066,48487,90095,2191,3112,929,1802,1257,1718,1870,850,38550,1238,1301,1169,1337,2284,935,2775,1441,3302,4837,5139,15333,3102,1802,1183,4201,1988,5955,3278,1290,8989,5000,2389,668,1346,824,14698,1261,12090,1146,4088,5847,30274,2226,15074
2008-09-01,1288,6534,2635,530,3627,1777,1099,46959,88153,2133,2882,900,1815,1204,1722,1802,870,38824,1219,1295,1175,1274,2201,930,2698,1412,3255,4713,4961,14793,3045,1801,1187,4020,1943,5808,3160,1263,8942,4887,2288,683,1310,799,14498,1246,11663,1126,4192,5668,29706,2102,14837
2008-10-01,1242,6423,2577,531,3673,1741,1096,46850,88736,2092,2818,879,1802,1223,1655,1757,860,39100,1189,1228,1131,1182,2198,930,2671,1403,3188,4654,4885,14761,3065,1766,1215,3931,1859,5657,2924,1260,8886,4852,2119,630,1299,727,14503,1225,11599,1083,4165,5645,29647,2079,15290
2008-11-01,1223,6276,2557,523,3595,1704,1073,46439,88018,2002,2826,857,1778,1198,1625,1712,855,38866,1166,1214,1088,1165,2182,933,2678,1340,3198,4551,4749,14729,3122,1704,1154,3852,1832,5579,2884,1244,8737,4817,2077,622,1292,672,14237,1145,11507,1076,4159,5520,29322,2029,15237
2008-12-01,1225,6251,2594,520,3555,1742,1091,46400,87332,1933,2761,886,1765,1177,1636,1728,857,38360,1195,1210,1102,1176,2231,946,2682,1345,3182,4621,4785,14683,3096,1693,1177,3835,1861,5622,2880,1235,8570,4806,2091,640,1271,628,14172,1141,11552,1037,4149,5479,29006,2044,15277
2009-01-01,1274,6173,2579,523,3480,1684,1068,46698,87462,1901,2803,856,1788,1199,1640,1689,874,37975,1198,1252,1108,1256,2213,958,2693,1323,2883,4599,4894,14784,3606,1697,1184,3748,1897,5702,3078,1212,8664,4940,1977,645,1301,592,14183,1089,11500,1040,3980,5443,29240,1993,14994
2009-02-01,1252,6210,2566,518,3437,1681,1057,47230,87935,1883,2779,842,1760,1216,1617,1694,880,38006,1179,1253,1105,1278,2238,934,2708,1319,2815,4573,4975,14940,3610,1682,1207,3713,1879,5671,3187,1222,8667,4918,2379,645,1297,582,14071,1051,11517,1041,3996,5379,29385,1977,14922
2009-03-01,1278,6241,2616,517,3548,1679,1093,46987,87710,1919,2695,854,1774,1209,1656,1714,869,38006,1186,1277,1130,1180,2216,927,2680,1322,2826,4604,5151,14821,3643,1663,1264,3746,1874,5656,2894,1219,8608,4965,2039,648,1294,565,14066,1076,11612,1047,4035,5416,29533,2009,14936
2009-04-01,1254,6124,2603,517,3592,1692,1102,47174,88006,1957,2766,890,1773,1179,1685,1710,890,37862,1196,1306,1176,1182,2212,936,2664,1331,2848,4810,5189,14780,3634,1732,1240,3750,1879,5638,2923,1244,8616,4924,2040,655,1305,564,14124,1048,11678,1058,4038,5560,29473,2078,14789
2009-05-01,1268,6167,2603,524,3720,1736,1095,47717,88594,2005,2822,898,1782,1188,1725,1747,899,37970,1217,1300,1215,1186,2291,942,2652,1349,2864,5166,5160,14949,3611,1816,1331,3808,1857,5739,2949,1245,8651,4962,2000,663,1276,548,14393,1092,11765,1092,4019,5633,29751,2078,14748
2009-06-01,1315,6406,2621,554,3798,1816,1181,48442,88672,2071,2911,889,1799,1257,1815,1852,925,38131,1212,1339,1234,1329,2321,973,2698,1409,2963,5349,5376,15236,3763,1832,1428,4056,1991,5864,3048,1277,8969,5369,2080,673,1291,563,15068,1165,12117,1110,4076,6001,30453,2167,15136
2009-07-01,1333,6515,2573,545,3766,1771,1106,49226,88680,2058,2885,919,1788,1163,1715,1785,886,37770,1209,1304,1205,1217,2249,910,2702,1399,2939,5188,5549,15454,3722,1766,1249,4010,1947,5829,2988,1275,8760,5059,2002,671,1267,574,14870,1176,12437,1098,3968,5775,30491,2090,14820
2009-08-01,1321,6374,2678,542,3813,1789,1068,48659,88473,2055,2863,908,1832,1148,1693,1760,897,37555,1229,1286,1219,1228,2323,941,2696,1390,2992,5311,5601,15245,3662,1734,1289,4039,1911,5758,2958,1269,8639,5018,1978,674,1289,572,14773,1181,12244,1117,3952,5754,30482,2105,14563
2009-09-01,1259,6309,2639,524,3692,1751,1117,47362,86986,2018,2680,872,1777,1127,1668,1700,901,37726,1204,1279,1199,1172,2264,947,2662,1322,2927,5244,5350,14802,3676,1676,1272,4160,1858,5649,2853,1254,8651,4770,1871,658,1281,556,14343,1136,12077,1073,3990,5592,30052,1982,14338
2009-10-01,1243,6246,2665,526,3666,1734,1102,47313,87718,1992,2694,852,1775,1192,1602,1681,874,38182,1170,1280,1160,1149,2284,937,2650,1312,2896,4929,4945,14845,3793,1710,1387,4111,1870,5606,2789,1245,8756,4768,1819,662,1272,535,14366,1135,12004,1087,4078,5534,29796,2003,14473
2009-11-01,1231,6096,2708,523,3586,1760,1111,46870,87096,1966,2665,880,1753,1181,1659,1686,899,37911,1221,1270,1178,1159,2293,955,2645,1310,2965,4823,4749,14766,3815,1673,1276,3909,1903,5589,2829,1231,8637,4809,1881,657,1270,539,14288,1137,11821,1082,4074,5536,29661,1987,14542
2009-12-01,1216,6098,2733,528,3575,1754,1115,46975,86916,1920,2685,883,1764,1151,1653,1717,901,37766,1204,1262,1197,1173,2322,949,2676,1308,3011,4833,4577,14942,3934,1620,1247,3868,1893,5588,2823,1215,8516,4907,1932,656,1293,542,14359,1102,11812,1075,4081,5492,29668,2006,14837
2010-01-01,1153,5956,2659,329,3202,1675,1053,45532,88178,2106,2726,1256,1973,1221,1740,1717,945,37585,1323,1232,1369,1370,2335,931,3140,1291,3107,4831,4226,15744,4701,1592,885,3815,1965,5850,2810,1335,8752,5215,1972,761,1252,413,13639,1028,11235,1308,4358,6003,30592,2170,12535
2010-02-01,1157,6058,2767,338,3206,1695,1071,45527,88079,2169,2763,1304,2080,1267,1800,1748,967,37503,1390,1270,1446,1435,2407,989,3224,1324,3213,4884,4241,15895,4969,1621,908,3937,2014,5911,2823,1405,8974,5266,1953,794,1257,437,13702,1057,11217,1353,4460,6136,30736,2245,12812
2010-03-01,1195,6160,2804,346,3294,1699,1081,45809,88644,2216,2811,1348,2120,1292,1796,1787,979,37811,1413,1289,1439,1438,2469,1005,3236,1339,3247,4999,4297,15869,5083,1650,910,3880,2011,5962,2839,1417,9000,5297,1966,799,1282,438,13736,1064,11463,1366,4520,6184,30917,2275,13247
2010-04-01,1180,6127,2852,368,3340,1698,1110,46368,89359,2178,2808,1339,2179,1279,1813,1751,980,38011,1388,1312,1436,1392,2453,992,3204,1317,3368,5084,4528,15939,5172,1679,912,3926,1992,6046,2797,1427,9051,5328,1944,780,1286,435,14093,1065,11451,1345,4527,6183,31355,2303,13646
2010-05-01,1224,6163,2918,400,3451,1763,1148,46694,89643,2282,2876,1366,2209,1293,1865,1810,1007,38042,1416,1343,1442,1395,2467,991,3281,1332,3567,5239,4709,16017,5234,1694,915,4027,1996,6147,2861,1465,9099,5341,1994,801,1295,451,14191,1093,11456,1378,4577,6283,31918,2335,13974
2010-06-01,1266,6246,2961,520,3577,1827,1186,47407,90425,2371,3031,1441,2405,1361,1929,1913,1035,38239,1484,1397,1533,1480,2638,1059,3402,1409,3744,5362,4603,16381,5518,1790,960,4234,2059,6257,2960,1520,9251,5615,2140,857,1359,497,14596,1156,11606,1451,4642,6571,32398,2452,14549
2010-07-01,1270,6313,3055,567,3587,1822,1167,47721,89662,2390,2981,1463,2443,1345,1906,1896,1010,37691,1488,1377,1543,1483,2570,1033,3360,1401,3855,5275,4480,16495,5636,1801,972,4257,2077,6211,2963,1527,9149,5512,2153,845,1383,515,14777,1165,11601,1495,4574,6552,32209,2459,14852
2010-08-01,1271,6328,3129,564,3583,1863,1189,46822,88606,2430,2963,1470,2527,1354,1932,1914,1019,37481,1527,1404,1572,1493,2632,1050,3432,1424,3845,5368,4410,16240,5691,1792,977,4270,2074,6176,2960,1545,9282,5295,2185,859,1374,525,15007,1189,11528,1527,4613,6585,32148,2497,15101
2010-09-01,1224,6330,3074,459,3480,1823,1169,45859,87597,2343,2898,1426,2451,1317,1867,1816,984,37413,1467,1336,1539,1454,2533,1025,3340,1388,3772,5256,4187,15879,5863,1746,940,4089,2006,6072,2846,1496,9193,5223,2099,827,1315,503,15041,1131,11207,1459,4598,6199,31460,2366,15072
2010-10-01,1186,6267,2954,433,3396,1804,1140,45989,88555,2286,2848,1418,2415,1310,1805,1786,977,38375,1447,1319,1530,1363,2468,997,3317,1339,3807,5056,4130,15821,5985,1683,924,4023,1949,6059,2826,1473,9176,5162,2081,823,1305,486,15192,1117,11032,1399,4646,6128,31555,2322,15418
2010-11-01,1157,6169,2879,393,3331,1787,1130,46097,88614,2202,2781,1388,2400,1272,1740,1737,952,38290,1370,1283,1452,1309,2393,977,3233,1281,3734,4931,4038,15806,6075,1624,915,3957,1904,5920,2782,1445,8911,5124,2029,796,1291,470,15197,1074,10691,1352,4609,5949,31535,2263,15613
2010-12-01,1142,6117,2927,388,3312,1798,1117,46219,88521,2144,2786,1372,2406,1256,1721,1750,928,37942,1360,1275,1454,1281,2396,961,3230,1264,3771,4932,4048,15830,6196,1616,905,3871,1920,5886,2805,1447,8883,5109,2032,788,1289,459,15382,1066,10676,1317,4620,5896,31495,2242,16063
2011-01-01,1137,6006,2743,355,3289,1753,1134,46565,88466,2169,2742,1388,2461,1253,1746,1734,960,37781,1347,1230,1434,1307,2287,970,3276,1276,3888,4855,4074,15795,5870,1639,909,3908,1921,6002,2792,1390,8746,5194,2025,793,1306,461,14810,1079,10746,1309,4574,5877,31750,2255,17191
2011-02-01,1161,6062,2786,365,3333,1780,1161,46363,88509,2167,2774,1443,2521,1278,1781,1759,963,37817,1383,1257,1458,1364,2376,966,3320,1298,4046,4867,4029,15797,5964,1639,920,3942,1920,5995,2836,1431,8909,5171,2084,809,1310,476,14972,1103,10835,1346,4634,5943,31858,2279,17502
2011-03-01,1171,6108,2883,380,3339,1791,1184,46431,88732,2226,2803,1485,2565,1292,1810,1775,981,37646,1419,1284,1498,1388,2418,997,3366,1314,4170,4948,4033,15797,6001,1665,921,3968,1959,5949,2858,1444,8943,5236,2080,814,1326,486,15205,1113,10974,1374,4660,5947,32063,2318,17761
2011-04-01,1150,6231,2882,390,3365,1811,1199,46677,89639,2186,2795,1522,2657,1277,1783,1769,961,37702,1378,1269,1475,1353,2400,976,3286,1306,4151,5037,4190,15793,6209,1677,922,3930,1925,5953,2845,1429,8880,5294,2066,794,1316,483,15596,1101,10914,1335,4684,5995,31984,2300,18457
2011-05-01,1171,6141,2896,436,3484,1837,1197,46926,90087,2280,2880,1579,2787,1275,1779,1802,990,37676,1427,1282,1506,1350,2473,981,3329,1310,4379,5206,4277,15837,6374,1694,914,3952,1932,6067,2890,1430,8945,5199,2076,801,1327,497,15820,1120,10936,1367,4717,6070,32488,2330,19108
2011-06-01,1227,6187,2946,535,3558,1938,1271,47602,91184,2359,2970,1668,2898,1295,1869,1861,1022,37937,1459,1332,1548,1433,2536,994,3416,1372,4609,5263,4377,16159,6690,1744,952,4068,1991,6247,3000,1465,9091,5416,2176,834,1377,508,16247,1177,11152,1409,4655,6365,33129,2419,20003
2011-07-01,1204,6036,3032,559,3552,1920,1281,48097,91203,2329,2913,1607,3034,1271,1800,1842,1022,37455,1427,1278,1523,1420,2450,994,3344,1337,4817,5070,4325,16295,6707,1713,955,4021,1981,6307,2995,1456,8963,5198,2227,819,1384,505,16592,1158,11064,1389,4546,6211,33109,2375,20869
2011-08-01,1228,6023,3101,575,3577,1936,1307,47228,90122,2388,2934,1686,3247,1325,1852,1854,1041,37160,1480,1323,1566,1456,2542,1025,3486,1391,5020,5163,4243,16097,6880,1750,967,4168,2003,6283,3028,1506,9008,5125,2262,837,1381,525,16539,1200,11039,1455,4648,6295,33083,2438,21085
2011-09-01,1175,6100,3128,480,3464,1946,1292,46455,89245,2305,2835,1653,3231,1248,1773,1760,977,37691,1421,1274,1509,1379,2413,1002,3334,1328,5020,5000,4200,15753,6820,1681,925,3940,1953,6161,2928,1470,8855,5050,2140,799,1331,507,16545,1111,10788,1350,4604,5886,32478,2319,21340
2011-10-01,1146,5985,3041,415,3418,1948,1284,46341,89719,2284,2800,1668,3283,1290,1726,1707,965,38068,1374,1277,1493,1319,2388,959,3302,1296,5170,4888,4089,15651,6733,1643,908,3834,1936,6130,2855,1475,8928,5026,2114,792,1314,506,16740,1096,10690,1337,4569,5787,32622,2277,21772
2011-11-01,1099,5869,2900,399,3373,1918,1277,46118,89675,2179,2715,1619,3204,1248,1683,1661,941,38022,1296,1212,1424,1257,2245,936,3227,1255,5100,4755,3918,15551,6771,1563,904,3736,1857,5976,2775,1424,8714,4993,2053,754,1299,484,16800,1054,10525,1287,4508,5616,32578,2205,22608
2011-12-01,1101,5803,2815,388,3481,1936,1234,45951,88863,2115,2717,1636,3254,1218,1648,1677,947,37813,1300,1183,1427,1253,2250,935,3219,1231,5061,4728,3938,15474,6984,1559,896,3690,1855,5812,2755,1432,8606,4954,2022,740,1286,483,16998,1053,10418,1236,4477,5617,32746,2219,23401
2012-01-01,1106,5756,2725,405,3322,1849,1271,46188,87881,2073,2641,1634,3682,1241,1632,1670,956,37457,1289,1191,1422,1246,2228,904,3238,1232,5151,4654,3909,15411,6746,1546,895,3732,1875,5768,2763,1434,8504,5074,2102,737,1287,489,17498,1020,10420,1214,4447,5549,32892,2222,24234
2012-02-01,1105,5840,2726,407,3300,1858,1266,45766,88331,2111,2653,1674,3687,1243,1648,1686,955,37403,1306,1216,1425,1289,2292,915,3278,1240,5328,4666,3828,15322,6850,1557,890,3712,1891,5789,2778,1453,8521,5016,2112,740,1289,512,17583,1041,10371,1238,4543,5569,32969,2204,24933
2012-03-01,1116,5897,2826,418,3438,1871,1289,45635,87996,2159,2677,1711,3748,1287,1696,1709,997,37045,1342,1223,1474,1315,2343,945,3330,1277,5470,4743,3814,15349,7104,1600,909,3751,1892,5753,2795,1472,8569,5105,2135,760,1297,528,17784,1075,10486,1299,4550,5694,32892,2261,25398
2012-04-01,1089,5789,2831,420,3468,1888,1369,46078,89089,2142,2710,1783,3644,1245,1669,1701,971,37061,1301,1231,1441,1255,2302,904,3302,1275,5537,4728,3927,15384,7384,1575,887,3718,1882,5760,2797,1439,8514,5047,2102,736,1288,520,17886,1061,10342,1278,4517,5703,33440,2265,26096
2012-05-01,1095,5761,2823,464,3522,1892,1379,46610,89820,2168,2734,1784,3676,1235,1671,1695,992,37282,1318,1230,1460,1229,2319,908,3298,1256,5844,4816,4013,15461,7590,1533,881,3704,1877,5920,2818,1444,8460,5037,2126,735,1293,513,18222,1037,10429,1276,4513,5687,34050,2234,26861
2012-06-01,1147,5806,2850,566,3611,1962,1417,47692,90572,2252,2824,1823,3648,1274,1702,1750,1015,37388,1317,1275,1496,1296,2371,919,3368,1296,6154,4954,4080,15855,7944,1575,906,3816,1936,6056,2909,1453,8634,5284,2254,751,1355,539,18710,1091,10642,1317,4524,5925,34763,2296,28306
2012-07-01,1132,5693,2836,600,3524,1928,1465,47975,90758,2236,2786,1863,3744,1233,1660,1707,1006,37017,1289,1237,1448,1284,2277,902,3278,1267,6413,4842,4203,15914,7954,1562,906,3686,1873,6052,2857,1453,8567,5154,2258,742,1348,537,18831,1067,10547,1283,4441,5809,34629,2259,28989
2012-08-01,1154,5684,2787,599,3429,1964,1462,47321,90370,2262,2789,1908,3790,1258,1652,1718,1001,36755,1322,1264,1476,1289,2312,922,3311,1276,6589,4846,4135,15729,7940,1569,912,3818,1887,5937,2889,1438,8673,4921,2261,754,1349,553,18701,1081,10518,1316,4533,5867,34765,2278,28988
2012-09-01,1124,5751,2784,504,3407,1944,1431,46172,89593,2207,2710,1891,3692,1243,1657,1688,986,37294,1312,1251,1464,1284,2270,925,3292,1247,6561,4799,4203,15347,7599,1550,883,3709,1883,5879,2805,1430,8687,4918,2152,750,1302,562,18417,1065,10377,1294,4674,5646,34223,2242,28123
2012-10-01,1101,5738,2733,457,3309,1981,1412,46635,90383,2152,2695,1804,3668,1252,1624,1639,988,37666,1293,1210,1490,1246,2239,897,3270,1222,6770,4743,4261,15437,7386,1522,876,3676,1851,5747,2758,1466,8667,4908,2122,732,1301,551,18640,1042,10347,1248,4586,5620,34385,2186,27875
2012-11-01,1094,5667,2650,426,3293,1943,1383,46485,90346,2018,2638,1774,3594,1234,1606,1615,966,37794,1258,1179,1432,1216,2189,881,3227,1191,6673,4638,4041,15400,7264,1483,876,3582,1819,5626,2720,1443,8460,4936,2087,700,1290,527,18406,1012,10269,1197,4531,5449,34098,2135,27710
2012-12-01,1078,5663,2728,418,3286,1940,1365,46739,90181,2003,2649,1798,3577,1251,1551,1626,946,37511,1253,1188,1420,1218,2188,874,3214,1197,6680,4630,4020,15454,7186,1493,871,3594,1834,5633,2698,1416,8520,4867,2057,715,1286,515,18469,998,10350,1150,4514,5481,34351,2148,27655
2013-01-01,1094,5651,2552,403,3206,1903,1361,46540,89565,2033,2598,1740,3756,1257,1589,1626,949,37296,1284,1183,1447,1256,2187,917,3249,1208,6862,4668,3955,15585,7462,1533,893,3710,1835,5616,2738,1397,8437,4933,2095,725,1285,512,18536,1003,10468,1172,4455,5531,33868,2165,27437
2013-02-01,1086,5768,2536,406,3168,1893,1309,46432,90364,2030,2629,1792,3828,1278,1608,1629,958,37333,1308,1203,1461,1268,2219,914,3281,1226,6940,4656,4010,15554,7547,1538,892,3599,1830,5624,2751,1411,8452,4999,2107,726,1280,523,18709,1018,10435,1190,4489,5551,34021,2169,27908
2013-03-01,1098,5822,2547,415,3192,1915,1358,46638,90627,2061,2638,1784,3901,1285,1608,1644,964,37269,1313,1221,1491,1288,2222,937,3300,1242,6964,4727,4042,15666,7640,1536,905,3642,1842,5663,2741,1397,8543,5006,2100,726,1288,523,18914,1026,10490,1189,4505,5617,34225,2204,27997
2013-04-01,1119,5773,2545,427,3257,1972,1384,46992,91196,2051,2692,1816,3883,1300,1603,1642,977,37113,1313,1213,1482,1272,2283,908,3316,1240,7125,4829,4252,15728,7766,1564,895,3628,1843,5673,2767,1445,8658,5029,2138,721,1297,523,19108,1034,10457,1199,4549,5649,34065,2228,28411
2013-05-01,1095,5657,2564,474,3348,2015,1378,47898,91937,2076,2702,1762,4060,1264,1587,1644,968,37370,1284,1213,1474,1232,2252,918,3284,1260,7241,4894,4426,15888,7929,1540,879,3638,1829,5827,2775,1387,8617,4954,2140,722,1329,528,19470,1053,10496,1233,4553,5617,34488,2218,28750
2013-06-01,1144,5847,2602,576,3424,2098,1445,48714,92707,2114,2788,1834,4250,1289,1655,1687,1009,37715,1285,1251,1490,1290,2306,933,3392,1308,7409,5047,4634,16211,8241,1615,903,3776,1878,5975,2881,1418,8741,5252,2242,733,1362,538,19915,1088,10669,1252,4596,5815,35080,2290,29767
2013-07-01,1158,5753,2532,584,3352,2084,1439,48877,93047,2118,2731,1793,4286,1260,1618,1671,994,36939,1257,1227,1467,1270,2230,928,3297,1283,7685,4944,4315,16242,8320,1603,911,3701,1861,5959,2828,1422,8609,4959,2241,723,1356,535,20245,1061,10659,1232,4397,5785,35376,2279,30357
2013-08-01,1179,5766,2568,596,3312,2089,1451,47915,92201,2206,2760,1808,4389,1313,1641,1682,1020,36913,1293,1247,1519,1297,2324,959,3330,1311,8015,5017,4222,16020,8463,1636,916,3719,1905,5885,2856,1413,8690,4837,2245,739,1357,547,20164,1087,10674,1285,4458,5863,35028,2308,30453
2013-09-01,1116,5720,2575,525,3269,2021,1405,47187,91518,2099,2637,1769,4247,1257,1566,1620,978,37026,1257,1195,1481,1239,2231,905,3313,1251,8009,4906,4120,15661,8283,1568,879,3606,1834,5764,2762,1367,8630,4708,2129,720,1317,528,19760,1038,10466,1242,4522,5582,34828,2228,30051
2013-10-01,1090,5600,2516,445,3232,2028,1416,47393,91985,2070,2610,1732,4223,1235,1518,1590,951,37441,1238,1178,1474,1215,2187,880,3260,1224,8191,4751,4070,15689,8159,1529,872,3517,1785,5716,2728,1406,8622,4701,2100,690,1309,518,19802,1038,10436,1201,4481,5489,34647,2169,30211
2013-11-01,1079,5592,2523,427,3179,1988,1365,46827,91201,2040,2580,1713,4253,1246,1546,1580,954,37213,1237,1148,1477,1222,2207,906,3223,1222,8221,4713,3998,15544,8138,1505,876,3505,1760,5700,2699,1402,8493,4666,2075,696,1304,498,19562,1031,10382,1187,4502,5507,34291,2152,30214
2013-12-01,1072,5599,2521,419,3179,1976,1345,46714,90951,2025,2569,1743,4212,1270,1554,1594,952,36966,1235,1154,1490,1222,2204,906,3262,1233,8068,4745,3998,15584,8137,1492,876,3488,1763,5632,2688,1379,8467,4703,2067,695,1294,498,19556,1028,10411,1188,4509,5510,33999,2160,29841
2014-01-01,1101,5497,2454,421,3148,1855,1294,46364,90789,1986,2528,1798,3965,1269,1579,1618,972,36813,1264,1188,1485,1271,2215,935,3292,1248,8206,4733,3909,15725,8272,1494,873,3588,1817,5585,2724,1386,8390,4838,2117,707,1260,506,19997,1025,10480,1203,4373,5562,33629,2196,29882
2014-02-01,1088,5578,2481,420,3180,1863,1318,46629,91322,1997,2526,1803,4048,1281,1580,1592,977,37029,1282,1183,1508,1267,2234,931,3300,1243,8289,4763,3912,15770,8500,1534,880,3585,1817,5633,2715,1366,8480,4807,2116,719,1266,512,20182,1024,10475,1196,4473,5516,33791,2209,30166
2014-03-01,1116,5688,2501,433,3218,1844,1328,46616,91472,2038,2550,1859,4149,1297,1600,1634,979,36971,1296,1211,1503,1291,2259,946,3349,1259,8489,4855,3973,15798,8613,1549,883,3613,1836,5623,2732,1389,8578,4866,2134,736,1274,523,20388,1031,10493,1236,4497,5559,33697,2247,30355
2014-04-01,1105,5595,2508,440,3241,1896,1288,47044,92460,2050,2566,1860,4183,1295,1563,1631,974,36974,1300,1189,1507,1278,2256,925,3297,1237,8817,4954,4062,15813,8894,1550,874,3528,1799,5630,2724,1385,8583,4750,2117,715,1275,513,20813,1028,10469,1223,4479,5521,33944,2218,30896
2014-05-01,1085,5561,2493,483,3294,1864,1306,48023,93553,2037,2583,1868,4242,1272,1520,1612,963,36981,1285,1175,1519,1232,2271,899,3254,1216,9013,5088,4193,16020,9067,1520,868,3581,1762,5727,2721,1390,8520,4746,2126,724,1313,500,21053,1020,10455,1249,4471,5504,34667,2172,31669
2014-06-01,1176,5748,2563,600,3351,1938,1335,48783,94158,2125,2710,1903,4383,1384,1617,1708,1019,37516,1348,1243,1598,1331,2379,952,3408,1310,9315,5191,4304,16407,9244,1596,911,3747,1862,5842,2828,1457,8696,5216,2236,762,1358,524,21848,1074,10668,1299,4530,5870,35153,2292,32141
2014-07-01,1155,5675,2513,611,3412,1951,1290,49199,94691,2065,2673,1921,4500,1290,1532,1699,973,36840,1283,1200,1556,1287,2266,926,3317,1288,9447,4999,4339,16489,9452,1548,905,3677,1833,5811,2796,1408,8567,4819,2240,724,1351,514,22188,1041,10591,1261,4447,5741,35729,2228,32958
2014-08-01,1182,5676,2657,622,3418,1964,1334,47927,93555,2177,2707,1965,4572,1335,1614,1706,1021,36572,1375,1239,1630,1349,2369,962,3404,1301,9794,5049,4355,16189,9581,1621,908,3774,1854,5828,2813,1474,8582,4940,2269,759,1350,547,22007,1084,10546,1338,4496,5905,35089,2265,33020
2014-09-01,1114,5632,2541,552,3286,1931,1322,47262,93286,2095,2615,1900,4414,1277,1560,1641,986,37011,1320,1196,1556,1285,2266,917,3324,1229,9543,4871,4313,15868,9271,1552,875,3596,1811,5722,2713,1432,8481,4634,2197,742,1308,511,21779,1035,10363,1257,4489,5540,34708,2189,32585
2014-10-01,1090,5572,2520,464,3239,1909,1318,47452,93215,2066,2585,1889,4458,1276,1539,1591,970,37292,1287,1167,1578,1279,2241,924,3277,1225,9845,4814,4216,15913,9302,1512,875,3555,1786,5649,2695,1424,8569,4652,2170,720,1303,515,22030,1017,10327,1241,4484,5481,35060,2161,33011
2014-11-01,1091,5517,2484,433,3186,1851,1252,47101,92697,2043,2524,1872,4380,1276,1525,1584,961,37073,1279,1141,1522,1262,2223,928,3245,1210,9791,4737,4090,15802,9272,1483,872,3521,1753,5562,2683,1398,8478,4635,2152,694,1289,501,21860,1003,10203,1207,4431,5418,34685,2090,32796
2014-12-01,1049,5449,2457,415,3138,1870,1203,47285,92807,1958,2494,1845,4285,1248,1502,1578,919,36897,1252,1097,1502,1231,2140,900,3189,1193,9801,4634,4140,15799,9279,1448,855,3476,1747,5498,2647,1380,8325,4603,2119,699,1270,478,21916,969,10222,1124,4356,5298,34485,2066,32932
2015-01-01,1066,5464,2383,412,3103,1821,1198,47421,92041,1969,2459,1884,4269,1226,1511,1568,961,36816,1275,1122,1500,1291,2162,940,3229,1217,10148,4727,4058,15807,8967,1457,854,3487,1776,5451,2707,1343,8256,4692,2145,701,1238,454,21484,1016,10478,1146,4300,5406,33796,2093,32280
2015-02-01,1068,5558,2406,397,3101,1821,1167,47739,93245,1954,2442,1858,4265,1261,1501,1567,952,37244,1262,1116,1495,1274,2191,920,3223,1210,9627,4708,4107,15861,8823,1479,848,3455,1795,5463,2713,1324,8336,4723,2143,692,1242,438,21063,1007,10571,1164,4363,5377,34065,2097,31654
2015-03-01,1087,5656,2469,415,3121,1809,1196,47875,93345,2033,2513,1857,4243,1281,1549,1630,977,37239,1309,1141,1538,1344,2266,959,3321,1250,9502,4835,4093,16013,8521,1502,872,3532,1846,5561,2744,1353,8462,4820,2191,747,1260,444,20773,1030,10622,1213,4402,5550,34163,2167,30411
2015-04-01,1102,5648,2553,425,3215,1844,1160,48530,94522,2032,2540,1872,4121,1255,1542,1617,969,37434,1311,1159,1538,1316,2231,933,3274,1254,9428,4816,4284,16135,8152,1497,876,3492,1812,5622,2736,1336,8538,4811,2203,725,1271,451,20396,1045,10639,1219,4467,5475,34437,2155,29497
2015-05-01,1097,5679,2605,457,3352,1872,1197,49028,95500,2082,2586,1861,4122,1276,1541,1648,976,37555,1342,1161,1574,1329,2295,944,3290,1254,9240,4934,4367,16265,8060,1518,874,3619,1836,5747,2757,1356,8508,4863,2244,732,1303,457,20482,1065,10691,1252,4495,5624,34806,2183,29208
2015-06-01,1178,5801,2605,567,3442,1938,1199,49831,96002,2153,2723,1895,4181,1341,1604,1717,1034,37748,1376,1200,1636,1444,2389,976,3425,1305,9298,5148,4525,16637,8302,1613,921,3722,1924,5937,2850,1410,8778,5378,2373,770,1347,494,20808,1135,10934,1337,4486,5951,35144,2303,28949
2015-07-01,1164,5732,2504,596,3359,1953,1170,50395,97009,2094,2665,1820,4101,1277,1535,1679,995,37175,1326,1178,1566,1383,2299,961,3324,1297,9227,5067,4462,16762,8270,1557,921,3685,1870,5884,2831,1326,8726,5163,2365,726,1338,486,20874,1090,10863,1283,4393,5745,35313,2241,28840
2015-08-01,1180,5751,2548,602,3366,1982,1154,49587,96500,2133,2673,1843,4128,1303,1605,1683,1026,36995,1379,1206,1617,1416,2338,980,3342,1309,9303,5125,4405,16570,8099,1581,922,3912,1896,5835,2869,1355,8768,5169,2388,751,1340,502,20553,1124,10804,1336,4459,5855,34860,2294,28135
2015-09-01,1106,5656,2446,551,3284,1855,1199,48912,96120,2092,2566,1772,3919,1299,1559,1638,973,37776,1345,1171,1558,1344,2299,945,3266,1234,8980,4958,4347,16201,7789,1528,880,3621,1819,5734,2804,1324,8726,4689,2280,731,1305,490,19862,1072,10728,1299,4518,5561,34091,2174,27418
2015-10-01,1089,5615,2443,424,3240,1832,1195,49501,96876,2090,2533,1746,3732,1242,1571,1611,967,38121,1324,1158,1584,1338,2277,934,3247,1201,8861,4958,4384,16350,7736,1505,880,3595,1844,5727,2795,1328,8775,4761,2275,711,1304,469,19491,1088,10791,1249,4547,5514,33936,2170,26764
2015-11-01,1100,5601,2412,398,3181,1812,1179,49301,96436,2085,2482,1736,3655,1245,1553,1607,968,38033,1315,1137,1548,1339,2307,944,3230,1206,8529,4936,4350,16297,7573,1506,883,3594,1832,5680,2771,1311,8693,4779,2260,706,1297,461,19021,1056,10699,1236,4498,5484,33527,2122,26063
2015-12-01,1075,5598,2388,380,3149,1813,1168,49656,97416,2027,2455,1651,3507,1245,1554,1602,938,38181,1274,1110,1509,1302,2210,943,3205,1197,8358,4889,4337,16375,7471,1474,869,3609,1821,5658,2752,1295,8663,4827,2221,719,1282,428,18763,1028,10734,1174,4496,5417,33445,2076,25375
2016-01-01,1081,5574,2422,362,3089,1811,1135,49952,98008,2023,2486,1630,3309,1240,1548,1633,945,38525,1275,1142,1469,1341,2219,949,3260,1186,7842,4876,4416,16594,7198,1475,879,3652,1853,5713,2785,1302,8697,4950,2265,711,1293,432,18381,1030,10735,1167,4514,5410,33323,2094,24176
2016-02-01,1073,5645,2404,357,3128,1797,1146,50468,99250,2005,2462,1631,3268,1230,1550,1637,948,38789,1251,1120,1475,1319,2206,932,3258,1190,7700,4901,4445,16739,7143,1480,884,3511,1856,5724,2781,1272,8760,4974,2246,706,1298,423,18424,1016,10772,1144,4547,5370,33537,2089,23942
2016-03-01,1109,5712,2434,362,3163,1826,1158,50522,99495,2066,2521,1706,3232,1275,1572,1677,979,39077,1296,1154,1524,1355,2287,963,3340,1220,7742,5074,4582,16748,7012,1516,887,3584,1868,5818,2817,1311,8872,4999,2282,736,1313,420,18184,1055,10907,1235,4635,5507,33561,2132,23052
2016-04-01,1130,5686,2462,378,3206,1835,1180,50694,99993,2124,2494,1720,3284,1271,1559,1692,935,39172,1327,1174,1549,1367,2304,933,3377,1222,8059,5092,4777,16758,6932,1534,887,3631,1894,5894,2830,1324,8913,4961,2309,726,1328,441,17985,1072,10931,1344,4702,5647,33695,2182,22479
2016-05-01,1154,5631,2491,420,3299,1861,1187,50848,100838,2176,2590,1748,3355,1283,1597,1727,984,39085,1324,1184,1596,1390,2371,967,3442,1261,8059,5174,4836,16835,7123,1566,897,3747,1909,6173,2879,1347,8954,4916,2362,753,1353,448,18090,1109,11096,1412,4710,5831,33885,2214,22239
2016-06-01,1197,5726,2484,551,3450,1907,1243,51834,101180,2199,2742,1763,3442,1405,1660,1762,1035,39226,1354,1213,1624,1482,2456,1035,3538,1311,8327,5294,4769,17270,7466,1634,942,3855,1997,6498,2949,1325,9180,5423,2483,810,1407,461,18546,1144,11430,1461,4744,6139,34324,2302,22600
2016-07-01,1203,5688,2426,580,3368,1900,1127,52207,102366,2180,2660,1767,3375,1299,1596,1761,1005,38644,1314,1198,1561,1447,2362,981,3453,1291,8326,5245,4832,17381,7432,1599,939,3809,1973,6592,2948,1309,9116,5137,2469,751,1399,451,18573,1120,11541,1493,4588,5956,34474,2292,22930
2016-08-01,1208,5722,2454,586,3368,1904,1118,51357,101902,2215,2666,1760,3389,1312,1640,1770,1012,38646,1351,1213,1583,1456,2408,1007,3491,1304,8323,5272,4914,17134,7308,1612,933,3887,1980,6609,2931,1343,9087,5301,2464,760,1390,453,18437,1131,11535,1459,4597,5976,34175,2295,22899
2016-09-01,1152,5646,2493,531,3297,1836,1143,50381,101013,2195,2598,1689,3272,1279,1631,1706,994,39193,1308,1196,1581,1410,2406,966,3440,1277,7946,5119,4658,16730,7147,1584,903,3770,1907,6554,2872,1329,9072,4841,2381,760,1347,454,17879,1099,11316,1439,4622,5778,33394,2269,22283
2016-10-01,1134,5613,2460,411,3255,1840,1120,50772,101342,2151,2521,1661,3158,1270,1591,1670,988,39249,1317,1161,1575,1365,2311,955,3399,1253,7909,5085,4657,16804,7102,1534,897,3602,1904,6438,2859,1324,9070,4856,2346,731,1346,443,18034,1075,11190,1340,4609,5645,33574,2223,22145
2016-11-01,1109,5562,2415,377,3175,1825,1113,50497,101069,2102,2467,1633,3083,1259,1580,1642,946,39088,1260,1116,1524,1331,2290,940,3336,1221,7800,4981,4632,16700,7006,1482,893,3567,1876,6162,2782,1291,8841,4809,2264,709,1334,421,17836,1055,11039,1304,4572,5500,33153,2159,22069
2016-12-01,1107,5541,2393,368,3114,1785,1126,50604,101305,2067,2483,1584,2982,1284,1563,1640,931,39103,1253,1106,1488,1314,2277,939,3346,1225,7737,4974,4551,16698,7073,1469,877,3482,1860,5896,2776,1289,8734,4879,2235,721,1322,410,17572,1043,11028,1250,4580,5462,33057,2150,21897
2017-01-01,1092,5441,2380,358,3072,1791,1107,50562,101611,2020,2463,1529,2955,1244,1546,1639,929,39479,1256,1103,1472,1297,2186,927,3286,1188,7759,4956,4512,16711,7058,1450,863,3467,1876,5935,2770,1258,8709,4872,2242,693,1299,398,17688,1033,11022,1198,4549,5491,33089,2100,21619
2017-02-01,1091,5521,2332,354,3067,1777,1088,50971,102470,2005,2458,1517,2948,1260,1523,1622,927,39668,1249,1103,1431,1279,2178,921,3289,1194,7947,4896,4398,16849,7027,1436,869,3467,1891,5859,2762,1247,8718,4931,2230,680,1304,392,17842,1024,11042,1198,4575,5487,33097,2095,21756
2017-03-01,1103,5648,2426,369,3115,1827,1100,50827,101836,2088,2527,1542,3097,1302,1573,1664,941,39575,1267,1129,1492,1339,2266,966,3332,1240,7917,5050,4420,16871,7079,1480,884,3544,1908,5828,2807,1283,8836,4931,2306,720,1323,422,17885,1049,11146,1247,4598,5564,32967,2143,21811
2017-04-01,1108,5575,2380,380,3139,1817,1098,51139,102134,2090,2553,1602,3167,1284,1598,1678,954,39181,1301,1142,1539,1341,2310,953,3366,1258,7995,5195,4675,16906,6964,1504,896,3568,1926,5845,2851,1313,8891,4866,2367,708,1335,430,18010,1070,11072,1250,4667,5630,32960,2198,22245
2017-05-01,1094,5643,2415,416,3192,1815,1100,51355,102820,2086,2560,1625,3253,1277,1578,1675,948,39226,1286,1157,1549,1331,2323,943,3344,1257,8022,5175,4723,16903,7122,1504,881,3573,1925,5983,2887,1317,8941,4820,2420,712,1334,424,18394,1086,11111,1259,4669,5643,33183,2211,22709
2017-06-01,1179,5660,2426,557,3277,1865,1162,51791,103188,2176,2702,1704,3391,1383,1639,1713,1009,39671,1318,1176,1605,1453,2425,1000,3458,1313,8312,5313,4655,17187,7372,1589,914,3743,2010,6135,2944,1323,9156,5278,2525,777,1385,447,19011,1138,11374,1314,4713,6039,33546,2283,23561
2017-07-01,1164,5523,2383,577,3253,1833,1117,51849,103832,2142,2673,1698,3377,1307,1571,1740,979,38884,1296,1158,1543,1410,2319,960,3392,1271,8480,5234,4664,17190,7294,1553,906,3690,1971,6095,2934,1322,9004,4861,2492,733,1377,438,19133,1101,11332,1267,4671,5828,33805,2264,24332
2017-08-01,1165,5482,2409,577,3233,1827,1099,51085,103555,2135,2665,1712,3442,1291,1583,1733,979,38859,1309,1171,1581,1392,2325,982,3379,1285,8569,5207,4659,16981,7185,1551,901,3752,1969,6037,2951,1326,8918,5158,2504,749,1361,440,18811,1117,11276,1293,4662,5778,33348,2250,24293
2017-09-01,1139,5494,2452,520,3202,1756,1111,49721,101995,2168,2582,1679,3379,1316,1618,1696,971,39171,1303,1169,1557,1388,2368,966,3355,1270,8481,5107,4438,16520,7060,1547,888,3668,1909,5951,2879,1331,8981,4705,2490,759,1325,450,18279,1114,11071,1278,4703,5714,32672,2227,23815
2017-10-01,1140,5484,2456,414,3159,1766,1097,49801,101852,2167,2532,1674,3295,1334,1615,1679,981,38798,1356,1159,1581,1388,2343,980,3355,1273,8434,5142,4402,16561,7029,1536,895,3551,1928,5854,2881,1350,9038,4729,2479,753,1333,455,18351,1115,10967,1241,4719,5685,32652,2212,23474
2017-11-01,1100,5384,2379,372,3065,1735,1076,49799,101687,2084,2450,1620,3165,1300,1567,1632,927,38979,1266,1094,1504,1325,2272,951,3253,1216,8262,4981,4382,16472,6908,1457,880,3468,1875,5582,2777,1297,8755,4683,2377,717,1314,423,18119,1073,10753,1178,4656,5472,32276,2117,23354
2017-12-01,1097,5371,2355,360,2992,1702,1092,49968,101383,2050,2463,1570,3063,1312,1553,1631,914,38939,1263,1073,1481,1315,2259,948,3263,1215,8196,4985,4304,16513,6962,1434,873,3402,1864,5355,2780,1289,8637,4758,2345,734,1298,412,17874,1066,10715,1126,4664,5431,32055,2097,23178
